,time,tweet,country,retweet_count,sentiment
99,2019-11-21 21:24:05,nct wayv 127 taekook jikook au smut fluff nsfw 18 iphone11 rt like deal promo gc gain mutuals kpop bts twice fancam mommy daddy follow spam ariana grande shawn mendes one direction 1D shane jeffree stan fortnite joker sco paa to manaa bomboclaat ,India,114559,Neutral
275,2019-11-21 15:23:22, Excited to share this item from my etsy shop Basketball Fever 2 Case Mate Tough Phone Cases ,France,114559,Neutral
20,2019-11-22 00:27:34,It finally happened iphone11 after one week has really impressed me First time since 2011 literally that I ll probably split my time equally between it and my favorite Android device Well done Apple,France,1846,Positive
252,2019-11-21 16:10:45,Because iphone dont have 5g phones Mostly new phones that came out is pack with 5g Pixel4 note10 s10 lgv50 except iphone11 Donald Trump says he asked Tim Cook to help build out 5G in the US ,Canada,1846,Neutral
357,2019-11-21 12:46:17, Apple has launched its third generation of smart battery cases for the iPhone 11 11 Pro and 11 Pro Max iPhone11ProMax iphone11 Photo IANS ,Unknown,1506,Neutral
562,2019-11-21 04:36:06, Wallpapers homescreen Background walls Free iPhone11Pro iPhone11 4K Soon galaxys9 galaxys8 GalaxyNote9 amp Be ,Unknown,385,Positive
186,2019-11-21 18:15:34, soulkshopmy off sadly that i use iPhone11 right now but the iPhone cases are really cute I want it poor me,United States,353,Neutral
537,2019-11-21 05:05:19,iPhone11,United States,278,Neutral
273,2019-11-21 15:25:54,Just got this iPhone11 I miss my iPhone8 ,Netherlands,232,Neutral
206,2019-11-21 17:27:48, New Wallpaper Electronics Link Wallpapers wallphone artwork art Abstract abstractart ,Unknown,186,Neutral
695,2019-11-20 23:35:56, Wallpapers Apple Background wallpaper walls lockscreen homescreen painter Private Disk N 0039 iPhone11 iPhone11Pro ,United States,170,Neutral
471,2019-11-21 08:13:02, WhatsApp video security bug leaves devices open to attack and hackers secretly steal chat messages and pictures from y ,Australia,170,Neutral
30,2019-11-22 00:08:02,Online MysteryBox Sale Unbox iPhone 11 Pro Gold or Midnight Green at no cost iPhone11 ,Unknown,155,Neutral
822,2019-11-20 19:42:35, wallpapers homescreen lockscreen LiquidLounge Vol2 Delirium wallpaper for iPhone11ProMax iPhone11Pro iPhon ,Singapore,117,Neutral
980,2019-11-20 15:31:31, new for iPhone and iPad iPhone11 iPhone11ProMax iPhone11Pro iPhone IPHONE11TH iPhoneVsAndroidMaps iPhone7 IPhone11Challenge ipad ipad2019 ipadpro iPadAir2019 ipadAir ipad iPadAir3 iPad iPad Apps,Unknown,59,Neutral
440,2019-11-21 09:30:17,iPhone 11 Pro Whitestone Dome Glass installation PROTECT YOUR DEVICE WITH THE BEST GLASS SCREEN PROTECTOR WhitestoneDomeGlass ,United States,38,Positive
180,2019-11-21 18:27:10, iPhone11 here i come ,United States,35,Neutral
780,2019-11-20 21:08:44, Readily AVAILABLE NOW iPhone11 Series5 4 amp 3 iPad Pro 2019 Macs Free Delivery Call WhatsApp ,United States,35,Positive
736,2019-11-20 22:46:14, STCPay Fast and Affordable International remittance STCPay IPhone11 STCPay,Unknown,33,Neutral
441,2019-11-21 09:28:52, Wallpapers Apple Background wallpaper walls lockscreen homescreen painter Private Disk N 0041 iPhone11 iPhone11Pro iPhone11ProMax iPhoneX iPhoneXSMAX iPhoneXSMax iPhoneXR Other iPhones gt gt Like Follow Retweet lt lt Prod By Hk3ToN ,United States,33,Neutral
379,2019-11-21 12:17:42, RyanKGives Iphone11,Australia,31,Neutral
791,2019-11-20 20:37:47,iPhone 11 Cases w images of Van Gogh s Paintings Now on ETSY The Starry Night Design 1 The Starry Night Design 2 Cafe Terrace at Night etsy iPhone11 etsysellers etsystore etsygifts ,Singapore,30,Neutral
348,2019-11-21 13:00:46,The BEST Screen Protector for iPhone 11 Whitestone Dome Tempered Glass iPhone11 iPhone11ProMax iPhone11Pro Keep your device scratch free with Dome Glass ,Australia,28,Positive
747,2019-11-20 22:31:08, SASCO KSA All day long IPhone11 STCPay,France,24,Neutral
449,2019-11-21 08:46:26,giveaway Wallpapers homescreen Background walls Free iPhone11Pro iPhone11 4K Soon galaxys9 galaxys8 GalaxyNote9 amp Be ,Singapore,24,Positive
190,2019-11-21 18:07:50,Check out one of our latest products a Superfly Air Slim iPhone11 Clear get yours here shop onlineshopping shoponline,United States,24,Neutral
586,2019-11-21 03:58:11, Forbes doing all the work for you by placing all of Apple deals in one place AirPod Pros for 230 200 off the iPhone11 and 200 off of the iPad Pro 256gb Now whats your excuse for not getting your sister anything Christmas2019,France,24,Neutral
585,2019-11-21 03:59:12,4 days to my birthday birthday boy freelance AbuDhabi goodmorning November iPhone11 love SundayMotivation TGIF Sondland Amazon ,Unknown,24,Positive
661,2019-11-21 00:54:23,iPhone xr 125 iPhone Xs 125 iPhone XS Max 150 iPhone 11 200 iPhone 11 pro 250 Come shop cheap iPhones iphones iphoneforlow methods dumps pins cc apple iphone11 cheap cashappflip cashflip money explore ,Australia,24,Positive
831,2019-11-20 19:30:21,iPhone 11 Pro Whitestone Dome NEW Installation Process How To iPhone11 iPhone11Pro iPhone11ProMax PROTECT YOUR DEVICE WITH DOME GLASS ,United States,24,Neutral
972,2019-11-20 15:46:02,I m impressed with the Night Shooting Mode on the iPhone11 Pro Sraight from the camera ,Unknown,24,Positive
812,2019-11-20 19:57:14, SACOKSA Best App IPhone11 STCPay,India,24,Positive
428,2019-11-21 10:00:00,Winter Is Here Order The Purple 64GB iPhone11 EE With Unlimited Minutes Texts amp 30GB Of Data 1 Swappable Benefit EE Lifetime Guarantee Annual Device amp Account MOT With 10 Off Screen Protectors amp Cases SAVE 300 Trading The iPhoneX Love Tech iOS13 ,Unknown,24,Positive
906,2019-11-20 17:39:56, Wallpapers homescreen Background walls Free iPhone11Pro iPhone11 4K Soon galaxys9 galaxys8 GalaxyNote9 amp Below iPhoneX iPhoneXS iPhoneXSMax iPhoneXR iPhones gt gt Like Follow Retweet lt lt Prod By Hk3ToN ,Australia,24,Positive
892,2019-11-20 18:21:17, my phone is perfectly fine but oomf just kinda convinced me to get the iphone11 before Mariah shows so my pics will be in bette ,Unknown,24,Positive
925,2019-11-20 17:02:17, 191016 yixing updated his also known as Oasis It s basically a new app launched by Sina Weibo which is similar to I ,India,24,Neutral
927,2019-11-20 16:52:47, New Wallpaper Midnight Yarok Free Link Wallpapers wallphone artwork art Abstract abst ,Unknown,24,Neutral
946,2019-11-20 16:24:30, first 50 to like and retweet gets 2000 sugarbabywanted sugardaddyneeded sugardaddies SugarDaddySerious sugarmomma S ,Unknown,24,Neutral
951,2019-11-20 16:19:08, Cant wait to get myself a new Apple Mac iPhone 11 and Data Who wishes the same I might hook you up iPhone11 ShoMad ,Singapore,24,Neutral
700,2019-11-20 23:23:21, timcook strongest in the world france24 RTnews nhk news AlJazeera bbc bbcnews tech Android npr nprnews MA ,Canada,24,Neutral
470,2019-11-21 08:13:34, darwinshacho mga 721 milk iPhone11,Canada,24,Neutral
682,2019-11-21 00:10:50, Apple thanks for charging my phone and giving me a time lapse on the iphone11 ,United States,24,Neutral
781,2019-11-20 21:06:54,Been thinking What Kind of Dark Crystal Gelfling Id be I think I am not Pure clan but a Hybrid DrenchGrot What are you Tiz Me iphone11 productred dreamfast greatcamera justme makeupartist ,Unknown,23,Neutral
179,2019-11-21 18:30:01, hsieh zachary I entered the 1st ever iPhone11 giveaway and has currently entered the new ones so I m hoping I get lucky ,Canada,23,Neutral
439,2019-11-21 09:31:00,Profiter de sa playlist Replay 2019 sur Apple Music tutorial AppleMusic AppleMusicReplay musique iPhone11 iPhone11Pro iPhone11ProMax iPhoneXS iPhoneXSMax iPhoneXR iPhoneX iPhone8 iPhone7 iPadPro iPadAir iPad jcsatanas ,Canada,20,Neutral
942,2019-11-20 16:29:02,A break from my new book info I love this shot snap of my son I d just gotten my iPhone 11 Pro and this is night time available light Rodeo Beach Marin ,India,20,Positive
941,2019-11-20 16:29:32, 2x iPhone 11 Pro Max How to win Retweet and like Follow Me iPhone free11 FREE iPhone 11 ,Australia,20,Positive
940,2019-11-20 16:29:41, wallpapers MacBookPro16 MacBook Pro 16 inch Series Modd wallpaper for iPhone11ProMax iPhone11Pro iPhone11 ,Canada,20,Neutral
944,2019-11-20 16:25:09, protectyrbubble lasercrypto20 B4BF1 Iphone11 ,Netherlands,20,Neutral
943,2019-11-20 16:25:16, gentooshop i want iPhone11 so i can charge it,Australia,20,Neutral
782,2019-11-20 21:00:59,iPhone 11 amp XS Installation Video BTS ARMY JIN JUNGKOOK RM V JIMIN JHOPE SUGA BEST Screenprotector Premium Glass Cracked Screen happy fun ,United States,19,Positive
442,2019-11-21 09:16:03,Always I pay in BinDawoodco with STCPay IPhone11 STCPay IPhone11 STCPay,Unknown,19,Neutral
178,2019-11-21 18:30:06,Finally iPhone 11 Apple iPhone11 ,Unknown,19,Neutral
931,2019-11-20 16:42:42, iPhone AirPods Audio Sharing on iOS 13 AirPods AirPods Pro Beats Solo3 Beats studio3 Powerbeats Pro Powerbeats3 Beats ,Unknown,18,Neutral
671,2019-11-21 00:24:33, SleepNiceCo iPhone11 pro max make it true please,Unknown,18,Positive
380,2019-11-21 12:17:24, OwlGiver Iphone11,United States,18,Neutral
802,2019-11-20 20:18:32,SCONTI Amazon iTech d AUTUNNO 20 novembre 2019 ,Australia,17,Neutral
672,2019-11-21 00:22:50, wallpapers homescreen lockscreen wallpaper iPhoneXSMAX iPhone11 iPhone11ProMAX iPhone11Pro iPhone ,India,17,Neutral
852,2019-11-20 19:06:19, Apple has launched three new Smart Battery Cases for the iPhone11 iPhone11Pro and iPhone11ProMax offering up to 5 ,Canada,17,Neutral
364,2019-11-21 12:39:13,iphone11 ,Canada,17,Neutral
374,2019-11-21 12:26:46, Brand New Sealed Factory Unlocked iPhone11 128GB gt gt Ghc 5 400 Call WhatsApp iMessage 0558690908 iTech911 iBuy i ,India,17,Neutral
819,2019-11-20 19:46:00,Hey Apple looks like there s a few of us having Siri issues on our upgraded device iphone11 time to shed some light ,Australia,17,Neutral
726,2019-11-20 22:53:59, Whitestone Dome Glass iphone 11 Pro Max installation Guide Screen Protector ,India,17,Neutral
848,2019-11-20 19:10:07, So I saw a lady advertising iPhone11 London use for N320k I dont know whether it is true or not oo But if it is true ,India,17,Positive
867,2019-11-20 18:57:11, So someone s follower just got her a brand new iphone11 today in this app This same Twitter that I haven t gotten anyt ,Unknown,17,Neutral
748,2019-11-20 22:30:31,black chinese snake rose simple aesthetic art diy phonecases customcases iphonecase iphone8plus iphone11promax iphone11 galaxys10 galaxys9 iphonex galaxys10plus iphonexsmas iphonexr graffiti art blackartists blackart sketch supportblackart ,United States,17,Neutral
532,2019-11-21 05:09:43,stcpya become master of all money transfer even western union money transfer 5 SAR service charges on competitive currency rates IPhone11 STCPay ,Australia,16,Neutral
773,2019-11-20 21:13:56, Apple s iPhones haven t been known for having the best battery life so last year the company introduced its own battery cases For this year s iPhone11 and iPhone 11 Pro family Apple has new versions of these cases but they also added a shutter button for the camera ,United States,16,Positive
625,2019-11-21 02:17:16, Apple SmartBatteryCase for the iPhone11 11 Pro amp 11 Pro Max have been released Priced is set at 129 and are immediate ,Canada,16,Neutral
770,2019-11-20 21:19:10, New Wallpaper Holmby Hills Wallpapers wallphone artwork art Abstract abstractart abstractpainting digitalart d ,Australia,16,Neutral
774,2019-11-20 21:10:36, The next winner of iPhone11 Pro Max can be you if you simply Like Retweet this post and comment Done ,Singapore,16,Neutral
798,2019-11-20 20:29:00, STCPay The Lowest Remittance Fees in Kingdom of Saudi Arabia just only SR fee for cash pick up or Direct to the bank STCPay and Western Union iphone11 stcpay STCpay ,Singapore,16,Neutral
189,2019-11-21 18:08:57,Man I m now an official complainer iphone11 issues Sent a ton of messages to AppleSupport They ask me to contact the app companies likes Facebook What is this and at the end it freezes fbplatform ,France,16,Neutral
529,2019-11-21 05:19:31,Selling the Jordan Retro 10 for 85 barley wore them amp Jordan Retro 9 for 80 good condition both in a size 8 5 in men Also selling a purple iPhone 11 case for 5 HMU MUST BE CASHAPP OR PAYPAL READY fmu flomo floridamemorialuniversity jordans jordanshoes iphone11 ,Unknown,16,Positive
715,2019-11-20 23:08:38, STCPay nermar8967 Congratulations I always pay my bills At DanubeCo Thank you IPhone11 STCPay,France,16,Neutral
508,2019-11-21 06:35:46, raitokoya iPhone11,Unknown,16,Neutral
564,2019-11-21 04:35:59, Wallpapers homescreen Background walls Free iPhone11Pro iPhone11 4K Apple Soon galaxys9 galaxys8 GalaxyNot ,United States,16,Positive
760,2019-11-20 21:41:30, The Wallpaper Original wallpaper artwork from Radim Kacer fashion theme luxuryart artist ,Unknown,16,Positive
550,2019-11-21 04:54:45,Help me out Which one should i buy Joker iphone11 ,Unknown,16,Neutral
610,2019-11-21 02:41:56, Apple s iPhone11 amp iPhone11Pro Smart Battery Cases are official with a dedicated camera button by JoshuaSwingle https ,France,16,Neutral
919,2019-11-20 17:11:42, Guess who just got an iPhone11 ,United States,13,Neutral
789,2019-11-20 20:48:40, hsieh zachary i want custom iphone11 please,Germany,13,Neutral
675,2019-11-21 00:18:25,I hate that iphone11 commercial every time it comes on I think I have a text and I don t Half the time I am not watching TV it s just on so I don t realize it until I look at my phone and there s no text lol,Unknown,13,Neutral
973,2019-11-20 15:45:08,The best iPhone 11 Pro screen protectors to stay scratch free and unblemished iphone11 iPhone11Pro iPhone11ProMax screenprotector WhitestoneDomeGlass Keep your screen scratch free for good ,India,13,Positive
864,2019-11-20 19:00:43,iOS 13 3 beta 3 is out Could we see a new iOS version to support the new cases iPhone11 iPhone11Pro iPhone11ProMax iOS13 iOS133 ,Australia,13,Neutral
947,2019-11-20 16:24:19,Does anyone else have a problem hearing the vibration on iPhone11 I always have missing calls and I never hear it vibrating ugh I m so over this phone ,Unknown,13,Neutral
970,2019-11-20 15:51:37, Like if you want to win Iphone11,United States,13,Positive
777,2019-11-20 21:09:57, Like fast to win iPhone11,Canada,13,Positive
969,2019-11-20 15:51:41,iPhone 11 vs Galaxy S10 What s the Difference ,Unknown,13,Neutral
708,2019-11-20 23:15:01,iPhone 11 amp XS Installation Video BTS ARMY JIN JUNGKOOK RM V JIMIN JHOPE SUGA BEST Screenprotector Premium Glass Cracked Screen happy fun oh ,Canada,13,Positive
704,2019-11-20 23:17:15, Wallpapers Apple Background walls lockscreen homescreen MacBookPro16 V1 MidnightGreen Private Disk N 0036 iPhone11 ,Netherlands,12,Neutral
214,2019-11-21 17:15:15, Hi dear all friends you now that Dual lens rear camera Ultra Wide and Wide lenses 6 1 Liquid Retina dis ,Singapore,12,Neutral
920,2019-11-20 17:11:21,Whose better in terms of remittance services IPhone11 STCPay,Unknown,12,Positive
177,2019-11-21 18:30:18,iPhone AirPods Audio Sharing on iOS 13 AirPods AirPods Pro Beats Solo3 Beats studio3 Powerbeats Pro Powerbeats3 Beats Solo Pro ,Canada,12,Neutral
608,2019-11-21 02:42:25,iPhone 11 Pro Max Test Night Shooting in the Rain 4K ,Unknown,12,Neutral
624,2019-11-21 02:17:17, Wallpapers homescreen Background walls Free iPhone11Pro iPhone11 4K Apple splash Soon galaxys9 galaxys8 G ,Unknown,12,Positive
725,2019-11-20 22:54:15, iPhone 11 Pro Whitestone Dome Glass installation ,Unknown,12,Neutral
333,2019-11-21 13:23:17, 24K Gold Plated iPhone 11 PRO gold iPhone11 ,Australia,10,Neutral
976,2019-11-20 15:35:21, GSM iPhone11 RedmiNote GalaxyM30s Nokia7 Xperia5 Mate30 GalaxyNote Huawei will announce the nova 6 on December 5 ,Singapore,10,Neutral
784,2019-11-20 20:59:21,What do you think of our top ten smartphones 2019 jeesto sumsung huawei iPhone11 OnePlus7T Tech Samsung Galaxy S10 S10 Plus Huawei P30 Pro iPhone 11 Pro 11 Pro Max Samsung Galaxy Note 10 Sumsung Note10Plus iPhone 11 Huawei P30 OnePlus 7T OnePlus 7T Pro Oppo Reno 10x Zoom,India,10,Neutral
301,2019-11-21 14:05:30,NEW MIRROR iPhone11 available ADR mirroriphonecase yslbeauty secondabase playwithtechnology superfluous www vegan iphone11 iphone11pro regram fashion love style apple ,Australia,10,Positive
243,2019-11-21 16:28:03, STCPay Falcon2460 If your first International Remittance Use my Referral Code AD5YI3 We both get Rewards from StcPay IPhone11 STCPay,Canada,9,Neutral
828,2019-11-20 19:35:15,How much is an iphone11 neh bathong ,Singapore,9,Neutral
278,2019-11-21 15:06:25,Lol all dem Cv guys are using iphone11,Unknown,9,Positive
124,2019-11-21 20:09:02, When she calls you ANDREW after you ve just bought her the iPhone11 but you are BENEDICTOR ,Unknown,9,Neutral
857,2019-11-20 19:02:53,So I saw a lady advertising iPhone11 London use for N320k I dont know whether it is true or not oo But if it is true what of the people that bought it a few weeks back for 500k how will they feel ,Australia,9,Neutral
579,2019-11-21 04:14:42, SirPareshRawal Hey BJP4India why have you delayed Diwali bonus to SirPareshRawal while gifting iPhone11 to rest of the ,Germany,9,Neutral
865,2019-11-20 19:00:07,We got that new new covered ,Canada,9,Neutral
212,2019-11-21 17:18:53,When u just bought IPhone11 and boom the trumpet sounds ,United States,9,Neutral
170,2019-11-21 18:40:21,Apple iPhone 11 Silicone Case for 27 99 30 off deal iphone11 Apple ,United States,9,Neutral
172,2019-11-21 18:36:45, Like fast to win an iPhone11,Canada,9,Positive
222,2019-11-21 17:02:06,Put your phone down driving trucks trucking iPhone11 ,Netherlands,9,Neutral
841,2019-11-20 19:19:44,The colors of this season fallvibes naturelovers nature shots norwaynature sunset sunsetphotography seasoncolours iphone11 woods familytime outdooradventures worldcaptures worldtravelscapes ,Canada,9,Neutral
230,2019-11-21 16:47:57, Wallpapers Apple Background wallpaper walls lockscreen homescreen painter Private Disk N 0042 iPhone11 iPhone11Pro iPhone11ProMax iPhoneX iPhoneXSMAX iPhoneXSMax iPhoneXR Other iPhones gt gt Like Follow Retweet lt lt Prod By Hk3ToN ,Unknown,9,Neutral
241,2019-11-21 16:30:37, michael louis michaellouis Follow and buy beautiful accessories for you and your phone access accessories cases iPhone11 samsung WomenWhoCode women men,Unknown,8,Positive
631,2019-11-21 02:08:52, Apple PLEASE make a small iPhone Pretty pretty please AppleSupport tim cook I can t stand this massive phone apple iPhone11 iPhone11ProMax iphone12 iPhoneSE2,India,8,Neutral
51,2019-11-21 23:09:17,Imma tell my kids this was the iPhone11 ,United States,8,Neutral
879,2019-11-20 18:35:25,Apple has released brand new Smart Battery Cases for the iPhone 11 series The case features a button that takes pictures and videos whether your phone is locked or not apple iphone iphone11 iphonebatterycase ,United States,8,Neutral
162,2019-11-21 18:50:33,UPDATED New 100 legal UNLOCK method for iPhone available only on our website Update Server UnlockiCloud Removeicloud deleteicloud bypassicloud appleid ios apple UnitedKingdom UnitedStates icloud iPhone11 LockerCodes LockScreen ,Australia,8,Neutral
933,2019-11-20 16:42:00,Best Leather Cases to Protect Your iPhone11 from Accidental Drop Accessories LeatherCase,India,8,Positive
156,2019-11-21 19:02:47, Apple is selling Smart Battery Cases for the iPhone11 line now ,Unknown,8,Neutral
144,2019-11-21 19:23:12,Getting my new iPhone 11 max pro woohoo iPhone11ProMax iPhone11 Apple SmithHavenMall,Unknown,8,Neutral
622,2019-11-21 02:24:00,Get the extended battery life with some of the best battery cases for iphone 11 which is available in the market Accessories Cases BatteryCases iPhone11 ,Canada,8,Positive
259,2019-11-21 15:50:00, Wallpapers homescreen Background android Samsung Google walls Free iPhone11Pro iPhone11 4K Soon galaxys9 ,India,8,Positive
158,2019-11-21 18:57:57,Roughly every30 minutes I m taking a screenshot of my home screen who moved the buttons on iPhone11 AppleFail ,Unknown,8,Neutral
553,2019-11-21 04:41:33,I was thinking the same thing Battery life on my iPhone 11 is stellar Battery life on the iPhone 11 Pro Max is beyond stellar I guess if you want 3 4 days of battery life then yeah get the battery cases iPhone11 TimApple ios ,Unknown,8,Neutral
992,2019-11-20 15:14:33, 6 6 7 7 8 8 x xs xr xsmax Iphone11 iphone11pro iphone11promax A3s A37 F9 A5s A7 S10plus A10 A20 A30 140 20 ems40 ,United States,8,Neutral
977,2019-11-20 15:33:46, GSM iPhone11 RedmiNote GalaxyM30s Nokia7 Xperia5 Mate30 GalaxyNote Realme teases truly wireless headphones ahead of December launch ,India,8,Neutral
878,2019-11-20 18:37:48,Apple has just released the new smart battery case for iPhone11 lineup It has a dedicated camera button for quickly opening the Camera app which is really cool I like it ,Netherlands,8,Neutral
393,2019-11-21 11:43:42,iphone11 otw,United States,8,Neutral
39,2019-11-21 23:43:52,On the elliptical and Kate the iPhone11 thought I was driving ,France,8,Neutral
163,2019-11-21 18:47:12,We ve added new Superfly Air Slim iPhone11 Pro Clear at our store Check it out here shop onlineshopping shoponline,India,8,Neutral
862,2019-11-20 19:02:01, wallpapers homescreen lockscreen LiquidLounge Vol2 Delirium wallpaper for iPhone11ProMax iPhone11Pro iPhone11 iPhoneXSMAX iPhoneXR iPhoneXS iPhoneX ALL other iPhone Android Download Prod By fresk0 ,France,8,Neutral
134,2019-11-21 19:40:03,Best Tempered Glass for iPhone 11 11 Pro 11 Pro Max WhiteStone Dome iPhone11 iPhone11Pro iPhone11ProMax screenprotector PROTECT YOUR DEVICE WITH THE DOME GLASS ,Australia,8,Positive
62,2019-11-21 22:38:53, NEW VIDEO ALERT Just dropped Our Top 5 Features of the newest iPhones RT s always appreciated mi familia ,Unknown,8,Neutral
581,2019-11-21 04:09:36, 4 days to my birthday birthday boy freelance AbuDhabi goodmorning November iPhone11 love SundayMotivation TGIF ,United States,8,Positive
548,2019-11-21 04:55:11, Can t Rename Your AirPods or Access the AirPods Menu Settings How to fix this issue ,Canada,8,Neutral
839,2019-11-20 19:20:46, Apple iPhone11 Smart Battery Case has a dedicated camera button SlashGear slashgear ,Singapore,8,Neutral
232,2019-11-21 16:41:17, New Wallpaper Relaxing Design Link Wallpapers wallphone artwork art Abstract abstractart ,United States,8,Neutral
959,2019-11-20 16:06:35,nct dream wayv 127 taekook jikook au smut fluff nsfw 18 iphone11 rt like deal promo gc gain mutuals kpop bts twice fancam mommy daddy follow spam ariana grande shawn mendes one direction 1D shane jeffree stan fortnite joker sco paa to manaa bomboclaat ,Unknown,8,Neutral
413,2019-11-21 10:51:20, Says the idiot that also got an iPhone11 yesterday Only difference is yours is purple do not let me curse you fam I ,Unknown,7,Negative
175,2019-11-21 18:35:42,Is the bts x casetify collaboration on available for iphone11 ,Germany,7,Positive
160,2019-11-21 18:57:12, ONE OF JIHOON S FANSITES FINALLY BOUGHT HIM AN IPHONE11 NO MORE ANDROID UJI ,Canada,7,Neutral
173,2019-11-21 18:35:45, Who want to win Iphone11 Pro Max Like and comment Me ,United States,7,Positive
167,2019-11-21 18:42:07, HUGE GIVEAWAY iPhone 11 512GB How to win Retweet and like Follow Me GiveawaysFree4 Comment Done Tur ,Unknown,7,Positive
895,2019-11-20 18:06:54,BIG SALE Luxury PU Leather Wallet Cover Case For iPhone 11 Pro X XS Max XR 8 Plus 7 6 6S 5 5S SE Flip Book Business iPhone11 by Now Sellers starting at 19 99 Shop Now ,Unknown,7,Neutral
53,2019-11-21 23:07:13,If anything this iPhone 11 has made me question my hand size and is on the verge of giving me Carpel tunnel iPhone11 FirstWorldProblems smallhandsyndrone,France,7,Neutral
785,2019-11-20 20:56:01, wallpapers NEW iPhone Wallpapers Pack 9 contains 10 new wallpaper for iPhone11ProMax iPhone11Pro iPhone1 ,Unknown,7,Neutral
165,2019-11-21 18:45:53, hsieh zachary Im a Huge FAN if fans can really win send me a iPhone so I can confirm it lol iphone11,Germany,6,Positive
491,2019-11-21 07:13:36,iPhone11 ,Unknown,6,Neutral
649,2019-11-21 01:24:29, jscel marcalainb Is that the new iPhone11 ,United States,6,Neutral
76,2019-11-21 22:10:12, nylaawan Ist tell me how u got iphone11 pro max Ak kidney bechnay main aa jayega ,France,6,Neutral
967,2019-11-20 15:56:24,2x iPhone 11 Pro Max How to win Retweet and like Follow Me iPhone free11 FREE iPhone 11 Comment Done Turn on my notifications BONUS use code corefect in the fortnite item shop to support us 2 Winner Ends in 24 Hours GOODLUCK ,India,6,Positive
922,2019-11-20 17:08:52,It s been a two months today when apple released the new iPhone11 line up What are your feelings on it if you have one And if not what phone are you using and is it worth upgrading ,Unknown,6,Neutral
898,2019-11-20 17:58:22,Wow Win an iPhone 11 and OtterBox Defender Case ProClipUSA giveaway Ends Dec 16th 50 US amp DC amp CAN Void QC Enter Now to have a win a new iPhone11 ,Netherlands,6,Positive
238,2019-11-21 16:32:37,ah lovely wee delivery just arrived freeupgrage iphone11 have a plesent day folks ,Unknown,6,Positive
274,2019-11-21 15:24:16, lieewann juwe07 Twitter For Iphone11 hahaha ,Australia,6,Neutral
419,2019-11-21 10:32:07, new love iphone11 ,Unknown,6,Positive
552,2019-11-21 04:46:18, theoffgarrett I will never be the one who win iphone11,Germany,6,Positive
261,2019-11-21 15:47:24,Add a pop of color with our new extra buttons for the Cirrus 2 case Delivers a fully customizable product for your daily preferences iPhone11 Cirrus2 Nimbus9 ,Unknown,6,Neutral
269,2019-11-21 15:37:46, Who thought it was a good idea to make the iPhone camera go through mitosis AppleEvent iPhone11 ,France,6,Positive
418,2019-11-21 10:32:08, Good test of night mode on the iPhone11 on a 6am run in a dark London shotoniPhone ShotoniPhone11 ,France,6,Neutral
875,2019-11-20 18:49:56,Happy new phone day to me iphone11 geek ,United States,5,Positive
63,2019-11-21 22:34:30, New video Look Mom NO GIMBAL iPhone11 Ultra Wide in Austin smartphone filmmaking Watch ,Australia,5,Neutral
454,2019-11-21 08:35:00, raitokoya mumei new iPhone11,Canada,5,Neutral
486,2019-11-21 07:37:35,Says the idiot that also got an iPhone11 yesterday Only difference is yours is purple do not let me curse you fam In other news I m so glad we d be twinning ,United States,5,Neutral
496,2019-11-21 07:00:09,Brand new iPhone 11 64gb 270k DUAL SIM 285k dallas dallasonline dallasstore phones ikeja computervillage iphone11 tech applestore iphone iphonex apple gadgets samsung note10plus notes10 smartphones ios technology electronics mobiles unboxing instagood ,India,5,Neutral
876,2019-11-20 18:40:48, IPhone11 STCPay Shall I be the winner this time ,Unknown,5,Neutral
678,2019-11-21 00:13:33,Technolust ,Unknown,5,Neutral
877,2019-11-20 18:39:05, STCPay waslah sa stcpay application excellent payment ease As well as when all purchases 4 times you get a financial reward I used the app to buy from the following stores SASCO KSA DanubeCo STCPay STCPay IPhone11 STCPay,Unknown,5,Positive
424,2019-11-21 10:13:22, siyabee bhubaza I already got an iPhone11 MacBook and the Cucci Flora perfume so ,Canada,5,Neutral
829,2019-11-20 19:31:22,Got the first hand on the new crystal clear Affinity Will be available next week Stay Tuned iPhone11 iPhone11pro iPhone11promax Poeticcases PoeticProtects ,United States,5,Neutral
873,2019-11-20 18:51:24, Apple SmartBatteryCase for the iPhone11 11 Pro amp 11 Pro Max have been released Priced is set at 129 and are immediately available for purchase at 1st time they arrive with a dedicated camera button iPhone11Pro iPhone11ProMax ,Canada,5,Positive
271,2019-11-21 15:37:17,New Verizon Pre Black Friday 2019 deal Buy one Apple iPhone 11 get a second one for free apple iphone iphone11 verizon Details on our iPhone Price Tracker at ,Unknown,5,Neutral
685,2019-11-20 23:58:29, ColourPopCo Getting the Frozen 2 collection the Disney collection or the Lippie stix box would literally make my year colourpopgivesback or an iPhone11 pro ,Australia,5,Neutral
67,2019-11-21 22:29:37,AYOOO this camera on the iphone11 dope af i went to take a pic of something in the dark and why it started adjusting the lightening itself before taking the pic,Netherlands,5,Neutral
33,2019-11-21 23:55:03,Jihoon going iphone11 pro,Unknown,5,Neutral
360,2019-11-21 12:44:09, Midday Update iTech911 Still Selling Brand New Sealed Factory Unlocked iPhone11 64GB gt gt Ghc 5 200 Call WhatsApp iMessa ,Netherlands,5,Neutral
248,2019-11-21 16:14:21,iPhone 8plus available at giveaway price iPhone11 plus iphonex s apple iphonex8plus iphonexsmax iphonexr pro splus ios ,Australia,5,Positive
335,2019-11-21 13:21:49,Can you see a similar pattern in the pricing of iphone11 by Apple iPhone 699 iPhone Pro 999 iPhone Pro max 1099 Explained very well in Dan Ariely s book Predictably Irrational 3 3,Canada,5,Neutral
47,2019-11-21 23:16:27, Free Shipping 20 Off Everything Get In Loser Art Frame Prints Poster iPhone iPhoneX iPhone11 Phone Case Shirt Top Mug amp More by moop ,Canada,5,Positive
342,2019-11-21 13:08:30, Snowfox is an International Education Consulting firm Offering professional support to Nigerians looking to study wor ,United States,5,Neutral
270,2019-11-21 15:37:31,Having to remember my passwords when I have to set up a new phone FirstWorldProblems androidtoiphone androidtoIOS iphone iphone11,Canada,5,Neutral
506,2019-11-21 06:37:15,Taken just before it was completely dark Night mode deep fusion on the iPhone 11 is kind of ridiculously good iPhone11 nightmode LosAngeles ,Singapore,4,Neutral
527,2019-11-21 05:27:03, chans0cks U saying it would have been better if he had brought iphone11 pro instead ,Canada,4,Positive
437,2019-11-21 09:35:55,Apple releases their Smart Battery Cases for the iPhone 11 iPhone 11 Pro and iPhone 11 Pro Max which now has a dedicated camera button on the side apple smartbatterycase iphonecase iphone11 iphone11pro ,United States,4,Neutral
743,2019-11-20 22:34:15, Cristiano Which one is more stronger Iphone11 or Nokia 3310 Click the link below and find out ,India,4,Positive
456,2019-11-21 08:28:50,Apple launched smart battery cases for iPhone 11 series lineup appleinsider iPhone11 ,Canada,4,Neutral
108,2019-11-21 20:57:24,Get an Iphone 11 just for 699 from amazon Purchase Link iPhone11 iPhone Apple buyonline AmazonPrime ThursdayThoughts thursdayvibes shopsmall Apple ,Singapore,4,Neutral
888,2019-11-20 18:29:54, Breaking News Apple released new Smart Battery Cases for the iPhone 11 series It features a button that takes picture ,United States,4,Neutral
844,2019-11-20 19:15:02,iPhone 11 Pro Whitestone Dome Glass installation iPhone11 iPhone11Pro iPhone11ProMax PROTECT YOUR DEVICE WITH THE BEST GLASS SCREEN PROTECTOR WhitestoneDomeGlass BTS ARMY JIN JUNGKOOK RM V JIMIN JHOPE SUGA BEST Screenprotector ,Germany,4,Positive
135,2019-11-21 19:36:08, Daily Tech News SamsungMobileUS Note10Plus 309 amp FREE GalaxyBuds GalaxyS11 fast charging speed and 120HZ smooth ,Unknown,4,Neutral
549,2019-11-21 04:54:46,Shot on iPhone11 ,United States,4,Neutral
136,2019-11-21 19:35:57, Daily Tech News SamsungMobileUS Note10Plus 309 amp FREE GalaxyBuds GalaxyS11 fast charging speed and 120HZ smooth display 129 iPhone11 battery case Video Order Note 10 Affiliate link GregglesArmyStrong ,United States,4,Neutral
863,2019-11-20 19:00:47, We got that new new covered ,Canada,4,Neutral
910,2019-11-20 17:37:33, shopliferosa nalz83349104 Khulu Mosia I could honestly love to win that iphone11 pro I need my selfie game ,Canada,4,Neutral
246,2019-11-21 16:18:38, Don t ask me how but I got my hands on the new iPhone 11 tonight Swipe through to see the difference between the 11 and t ,Canada,3,Neutral
658,2019-11-21 00:56:49, Red means Love Chiffon Top Scarf iPhone Case amp Cover amp more By maksciamind findyour ,Singapore,3,Positive
572,2019-11-21 04:34:54, Wallpapers Apple Background wallpaper walls lockscreen homescreen painter Private Disk N 0038 iPhone11 iPhone11Pro ,Canada,3,Neutral
896,2019-11-20 18:02:34,Virginia is for lovers iPhone11 ,Canada,3,Neutral
894,2019-11-20 18:10:20,So I broke my iPhone I stupidly asked Siri how do I make my wife happy Siri hasn t stopped talking for two weeks now iPhone iPhoneX iPhone11 Siri lol,Unknown,3,Neutral
236,2019-11-21 16:32:55, STCPay easy international remittance and bills payment IPhone11 STCPay,United States,3,Neutral
891,2019-11-20 18:26:36,iPhone 11 64gb R12 999 Apple apple iPhone11 forsale boxed iphone cpt rsa ,France,3,Neutral
740,2019-11-20 22:35:57,Which one is more stronger Iphone11 or Nokia 3310 Click the link below and find out ,Australia,3,Positive
229,2019-11-21 16:49:11,OMG All set for auction iPhone11 IPL2020 RCB RCBTweets IPL ,Unknown,3,Neutral
231,2019-11-21 16:47:21,My favourite WatchFace What s your favourite Like it Leave a comment Join the community AppleTech fan iphone11 iphone11pro iphone11promax iphonepro appleiphone11pro spacegray ,Germany,3,Neutral
213,2019-11-21 17:17:10, black chinese snake rose simple aesthetic art diy phonecases customcases iphonecase iphone8plus i ,Unknown,3,Neutral
578,2019-11-21 04:18:48, IPhone11 STCPay DanubeCo easy pay STCPay,Canada,3,Positive
247,2019-11-21 16:18:02, Our new article Don t buy the iPhone11 series before reading this 6 Reasons to wait for the 2020Iphones Don t do this big m ,Germany,3,Neutral
223,2019-11-21 16:59:28, Wallpapers Apple Background wallpaper walls lockscreen homescreen painter Private Disk N 0042 iPhone11 iPhone11Pro ,Unknown,3,Neutral
359,2019-11-21 12:44:13, iTech911 Still Selling Brand New Sealed FACTORY UNLOCKED iPhone11 128GB gt gt Ghc 5 400 Call WhatsApp iMessage 055869 ,United States,3,Neutral
744,2019-11-20 22:33:21, SubwaySaudi Can t get enough IPhone11 STCPay,Canada,3,Neutral
225,2019-11-21 16:52:04, New Video is Live Ringke Fusion iPhone11 Case Lineup Appreciate those who come though https ,Canada,3,Neutral
493,2019-11-21 07:06:50, Download for Free View on AppStore The all new Grocery Shopping List app for iOS and iPadO ,Canada,3,Neutral
674,2019-11-21 00:19:47,Walked into Verizon to get myself a new iphone11 and ended up getting an iPad as well ,France,3,Neutral
871,2019-11-20 18:53:23,So someone s follower just got her a brand new iphone11 today in this app This same Twitter that I haven t gotten anything from anyone God I see what you re doing for others ooh ,Canada,3,Neutral
615,2019-11-21 02:35:55, Oh My God Look at this neck to neck competition between these two best phones of 2019 The iPhone 11 Pro and Samsung ,United States,3,Positive
656,2019-11-21 01:01:00,It s always time for more Fun with iPhone 11 cases This time I m comparing the best from i Blason and SUPCASE with a borrowed iPhone 11 Pro Max ,United States,3,Positive
621,2019-11-21 02:25:15, hsieh zachary MrBeastYT ChrisO2 ChandlerHallow theoffgarrett jake theviking I m kinda waiting all over the night to watch your upcoming video on youtube Hope I can be the first one to get your a custom iphone11,Australia,3,Neutral
696,2019-11-20 23:33:46,That Iphone11 quality ArianaGrande ,India,3,Neutral
499,2019-11-21 06:57:36, Now I have a reason to uninstall my unuse app for this game hsieh zachary I better win 1 from 50 IPhone11 giveaway to con ,United States,3,Neutral
617,2019-11-21 02:30:20,Morgan Magazine Apple iPhone11 iPhone11ProMax Protective BATTERY CASES for APPLE iPHONE 11 Model ,France,3,Neutral
487,2019-11-21 07:33:06, My iPhone 11 advert design AppleMusic AppleTV iPhone11ProMax iPhone11 iPhone11Pro iPhone11ProMax iPhone11plu ,Unknown,3,Neutral
653,2019-11-21 01:16:17,iPhones should I not stay with Apple Should I get a Samsung instead iPhones look the same nothing really stands out iPhone11 or Samsung ,Unknown,3,Neutral
536,2019-11-21 05:06:14,iphone11,United States,3,Neutral
710,2019-11-20 23:10:43, STCPay V hmaad Congratulations I always pay my bills at DanubeCo Thank you IPhone11 STCPay,Australia,3,Neutral
756,2019-11-20 22:04:00,FREE Survival Emergency and First Aid Apps apps disasterpreparedness ,United States,3,Positive
324,2019-11-21 13:46:48,Urgent Upgrade I have an iphone 5 amp I m scared it will explode RT APPLE giveaway contest sweeps win AI appleNews Iphone Iphone11 iPhoneXR IphonePRO iDrop News is giving away a free iPhone 11 Pro Max in May Enter to win now ,Canada,3,Positive
630,2019-11-21 02:09:01, News Apple iPhone11 SmartBatteryCase New Apple iPhone 11 Smart Battery Case Adds 1 Unique Surprise Feature via forbes ,Unknown,3,Neutral
923,2019-11-20 17:06:30, STCPay can pay your SAWA Bills directly to your MySTC STC KSA Transfer money via WesternUnion IPhone11 STCPay Apple ,Netherlands,2,Neutral
569,2019-11-21 04:35:26, Wallpapers Apple Background wallpaper walls free lockscreen homescreen Public N 0022 iPhone11 iPhone11Pro iPhone ,France,2,Neutral
810,2019-11-20 19:59:09,I m trying to win a ProClipUSA giveaway for a free iPhone11 and Case ,Unknown,2,Positive
912,2019-11-20 17:31:46, shopliferosa nalz83349104 Khulu Mosia I could honestly love to win that iphone11 pro I need my selfie game to be in a 100 BlackFridayCompetiton,Unknown,2,Neutral
299,2019-11-21 14:11:14, Soshi using iPhone11 pro max ,Canada,2,Neutral
701,2019-11-20 23:22:41, timcook strongest in the world france24 RTnews nhk news AlJazeera bbc bbcnews tech Android npr nprnews MAGA wethepeople gma TodayShow skynews skypapers mac QAnon youtube Google breakingnews iPhone11 mac MacBookPro apple macos iOS Brexit eu paris ,Canada,2,Neutral
119,2019-11-21 20:27:28, JumiaNigeria I would love to win an iphone11,France,2,Positive
960,2019-11-20 16:05:03,OnePlus 7T vs iPhone 11 Comparison Which Is Better ,India,2,Positive
711,2019-11-20 23:10:34, STCPay nermar8967 Congratulations I always pay my bills at DanubeCo Thank you IPhone11 STCPay,Canada,2,Neutral
141,2019-11-21 19:30:21,iPhone 11 Giveaway here we go iPhone11 iPhone11Th iPhone11Pro iPhoneSE2 iphone iphone ,Canada,2,Neutral
112,2019-11-21 20:42:46, BeAlpha SonyArtisan iPhone11ProMax oak night BlueOak donsmithphotography photoworkshops landscapephotography SanBenitoCounty Hollister California DiabloMountainRange dusk sunset beautyinnature peaceful ruralscene travel nature outdoors mountain sky iPhone11 ,Canada,2,Neutral
334,2019-11-21 13:22:39, Can you see a similar pattern in the pricing of iphone11 by Apple iPhone 699 iPhone Pro 999 iPhone Pro max 1099 ,France,2,Neutral
425,2019-11-21 10:10:10,Apple and Foxconn have been forced again to admit to violating Chinese labour laws while producing the iPhone11 ,Canada,2,Neutral
706,2019-11-20 23:15:10,Since the homie Tom Lindsay is too cool for social media and never posts any of his work I m going to brag for him He cut one of the coolest spots airing right now ,United States,2,Neutral
183,2019-11-21 18:22:19, Seth Griff Congratulations to Seth on his new iPhone11 RT if you think we should do more giveaways like this https ,Unknown,2,Positive
375,2019-11-21 12:23:41, ,Germany,2,Neutral
350,2019-11-21 13:00:33,Brand new iPhone XR 64GB 220k DUAL SIM 265K dallas dallasonline dallasstore phones ikeja computervillage iphone11 tech applestore iphone iphonex apple gadgets samsung note10plus notes10 smartphones ios technology electronics mobiles unboxing instagood ,Germany,2,Neutral
576,2019-11-21 04:29:42,One of the pictures I took at Venice beach venicebeach iPhone11 natural unedited pacificsunset ,France,2,Neutral
794,2019-11-20 20:34:14,very convenient and easy way to transfer money internationally or locally stc pay has been very useful to our family IPhone11 STCPay,France,2,Neutral
227,2019-11-21 16:49:36,New XVIDA Classic Collection for iPhone 11 iPhone 11 Pro amp Max now available for pre order Shop the collection ,Singapore,2,Neutral
373,2019-11-21 12:26:56, Brand New Sealed Factory Unlocked iPhone11 to one lucky follower Follow iTech911 iDeviceCare TearTopGh on here amp Ins ,United States,2,Neutral
347,2019-11-21 13:02:05, Wallpapers homescreen Background android Samsung Google walls Free iPhone11Pro iPhone11 4K Soon galaxys9 galaxys8 GalaxyNote9 amp Below iPhoneX iPhoneXS iPhoneXSMax iPhoneXR iPhones gt gt Like Follow Retweet lt lt Prod By Hk3ToN ,France,2,Positive
349,2019-11-21 13:00:43,Apple have released new battery cases for the iPhone 11 range They even have a camera shortcut button Apple iPhone11 Battery Case,Canada,2,Neutral
352,2019-11-21 12:58:52,wonreum have been thriving lately Yeoreum getting her iphone11 ,Unknown,2,Neutral
366,2019-11-21 12:37:40, Your destiny is your destination Your desire is what takes you there Unknown pxl8it iphone11 iphonephotography blackandwhite florida silversprings meaningful mindfulness graffiti message ,United States,2,Neutral
322,2019-11-21 13:48:09,The Fastest Way To Download Videos From Instagram Without Using Any App On iOS 13 Only instagram instasave technologies technology tech technews innovation Apple iphone iphone11 ios13 ios iPhone11Pro Trending ,Germany,1,Neutral
97,2019-11-21 21:29:13,Apple tells Congress iPhones are too risky for normal humans to repair ,Unknown,1,Neutral
870,2019-11-20 18:54:06, When you buy iPhone11 for 800k and you fall down the stairs and you hear Crakaka and you be like Father lord let that be m ,France,1,Neutral
832,2019-11-20 19:29:15, Sale On Everything Alien Covenant Vintage TShirt Tees Shirt Top Art Print iPhone iPhone11 Phone Case Mug amp More by llllHivellll ,Canada,1,Neutral
100,2019-11-21 21:21:11, hsieh zachary Let me win 1 iphone11 Zach please it ll really help me in a lot of things its part of my dream Please zach let me win ,Unknown,1,Positive
614,2019-11-21 02:36:13,This Is 11 And I Am Loving It Apple iphone11 ,United States,1,Positive
598,2019-11-21 03:20:35,Win a ProClipUSA giveaway for an iPhone11 and mounting solution ,Unknown,1,Positive
654,2019-11-21 01:07:34, Apple iPhone11 iOS13 Recent calls should behave like voice messages When we delete a voice message the deleted item goes into a deleted bin However when we delete an important recent call it immediately disappears without an option to recover it Darn it to heck ,France,1,Neutral
83,2019-11-21 21:50:18, Alan yournextbf Applephobia11 fear of iphone11,United States,1,Neutral
952,2019-11-20 16:14:47,Cant wait to get myself a new Apple Mac iPhone 11 and Data Who wishes the same I might hook you up iPhone11 ShoMadjozi Burnaboy rain PrayForNeyiZimu ,United States,1,Neutral
958,2019-11-20 16:08:35, The Hong Kong skyline is pretty spectacular Talk about taking my breath away hongkong iPhone11ProMax iphone11 trav ,India,1,Positive
329,2019-11-21 13:31:42, Wallpapers Apple Background wallpaper walls free lockscreen homescreen Public N 0023 iPhone11 iPhone11Pro iPhone ,Canada,1,Neutral
27,2019-11-22 00:15:06,Apple iPhone 11 Pro Max display repair prices and the best screen protectors to avoid them iPhone11 iPhone11ProMax screenprotector The Best Protection for your device WhitestoneDomeGlass 30 off now ,Canada,1,Positive
326,2019-11-21 13:41:47, EEEKit Qi Wireless Car Charger CD Slot Mount Car Stand Phone Holder for Samsung Galaxy S10 S10E S9 S8 Plus iPhone 11 11 Pro XS Max XR X 8 Plus and More Qi Enabled Devices SamsungGalaxy iphone11 iPhone11Pro iPhoneXR iphone8plus shopnow ,Singapore,1,Positive
361,2019-11-21 12:40:59, Apple officially released the all iPhone 11 series of silicone smart battery case apple iphone ipad iPhone11Pro iPhone ,United States,1,Neutral
339,2019-11-21 13:12:39, MaxWinebach Anyway they should be more rigorous about the way they re gonna implement the cameras on s11 I was quite disheartened after hearing Iphone11 pro just simply outstaged the Samsung note 10 in terms of camera ,United States,1,Neutral
340,2019-11-21 13:12:18, aragaki 0920 iPhone11,Germany,1,Neutral
341,2019-11-21 13:08:55, Brand new iPhone XR 64GB 220k DUAL SIM 265K dallas dallasonline dallasstore phones ikeja computervillage iphon ,Unknown,1,Neutral
351,2019-11-21 12:59:45, Is this just a coincidence that I wore this dress on the same day as Apple iPhone 11 s launch iPhone11 ,Canada,1,Neutral
786,2019-11-20 20:55:53, apple iPhone11 my first purchase ,Unknown,1,Neutral
365,2019-11-21 12:38:01, iTech911 Still Selling Brand New Sealed FACTORY UNLOCKED iPhone11 128GB gt gt Ghc 5 400 Call WhatsApp iMessage 0558690908 iTech911 iBuy iSell iSwap iFix Apple Accra Ghana FreeDelivery Warranty 0to100in10 Warranty iTech911 iDealerShip ,United States,1,Neutral
369,2019-11-21 12:34:08,Midday Update iTech911 Still Selling Brand New Sealed Factory Unlocked iPhone11 64GB gt gt Ghc 5 200 Call WhatsApp iMessage 0558690908 iTech911 iBuy iSell iSwap iFix Apple Accra Ghana FreeDelivery Warranty 0to100in10 Warranty iTech911 iDealerShip ,Australia,1,Neutral
371,2019-11-21 12:33:12,Yoona is using that iphone11 ,Unknown,1,Neutral
325,2019-11-21 13:45:16,Urgent Upgrade I have an iphone 5 amp I m scared it will explode RT APPLE giveaway contest sweeps win AI appleNews Iphone Iphone11 iPhoneXR IphonePRO iDrop News is giving away a free iPhone 11 in February Enter to win now ,Canada,1,Positive
331,2019-11-21 13:30:40,Agoz Apple Watch Cover check Agoz Macbook Air Snap On Cover check Starbucks coffee double check agozlifestyle agoz technology agoztech ThursdayMorning ThursdayMotivation FelizJueves iphonexs iphonexsmax iphone11 iphone11pro iphone11promax tech ,Australia,1,Neutral
821,2019-11-20 19:43:12,MY DADS GETTING ME A YELLOW IPHONE11 IM GONA CRY,Canada,1,Neutral
310,2019-11-21 13:59:01, imd 6 6 7 7 8 8 x xs xr xsmax 11 11pro 11promax Iphone 11 Iphone11 bymecmyyy ,Unknown,1,Neutral
305,2019-11-21 14:02:16, 6 6 7 7 8 8 x xs xr xsmax 11 11pro 11promax Iphone 11 Iphone11 bymecmyyy ,Australia,1,Neutral
13,2019-11-22 00:59:11,Ima try to get out this weekend and shoot some photos I gotta take advantage of this wide angle lens photographer photography iPhone11,Australia,1,Neutral
14,2019-11-22 00:50:41,If you re looking to upgrade your phone and join the best service out there stop by 12 Oaks mall and join Verizon on Thanksgiving day 6pm 12am or Black Friday Come to us for the best deals wearewsc Verizon Novi 12Oaks iPhone11 Android BestService ad ,Netherlands,1,Positive
282,2019-11-21 15:00:00, Apple has teamed up with 100cameras a nonprofit organization that teaches adolescents the foundations of photography and visual storytelling by donating new iPhone11 to participating students of DRWCollegePrep in Chicago ,France,1,Neutral
991,2019-11-20 15:17:36,So far I am loving my iPhone11 Big thing for me is battery life and this phone last me 2 days I average about 3 hr screen time a day Go apple,Germany,1,Neutral
120,2019-11-21 20:26:30, tokatwt dont care feet gimme that iphone11,Canada,1,Neutral
2,2019-11-22 02:00:59,iPhone 11 is pissing me off I have the phone in my pocket and the silent mode switch flips on by accident and I miss calls I wish I could change the function of the switch above the volume buttons apple iPhone11 Apple AppleSupport apple,Australia,1,Neutral
731,2019-11-20 22:52:01,Apple s iPhone11 battery case includes a dedicated camera button ,Canada,1,Neutral
733,2019-11-20 22:47:13, STCPay SAWA recharge and Easy STC bills payment STCPay IPhone11 STCPay,Singapore,1,Positive
402,2019-11-21 11:22:15,If you want a iPhone 11 Pro for free Participate now Steps to win Like this tweet Follow us now Join our telegram group Join our Facebook group And comment once you are done iphone11progiveaway free iphone11 want,Germany,1,Positive
400,2019-11-21 11:30:02,iPhone 11 amp XS Installation Video ,India,1,Neutral
477,2019-11-21 08:03:06, vickyyjam iphone11,Unknown,1,Neutral
690,2019-11-20 23:45:34,New Video is Live Ringke Fusion iPhone11 Case Lineup Appreciate those who come though ,Unknown,1,Neutral
730,2019-11-20 22:52:54, Should I buy my son the iphone11 Retweet for me and let s get some answers Thanks iPhone11ProMax iPhone11Pro Retweeet ,India,1,Neutral
475,2019-11-21 08:06:14, Apple Apple has released its Smart Battery Case for the iPhone 11 the iPhone 11 Pro and the iPhone 11 Pro Max iPhone iPhone11 iPhonePro iPhoneProMax iPhone11Case iPhone11ProCase Tech TechNews IndiatechAdvice Mumbai India Thursday,Unknown,1,Neutral
732,2019-11-20 22:49:23, STCPay Hassle free International Remittance STCPay IPhone11 STCPay,Unknown,1,Neutral
515,2019-11-21 06:14:31,Ok I think I need the iPhone11 now idc,Canada,1,Positive
571,2019-11-21 04:35:02,Can t Rename Your AirPods or Access the AirPods Menu Settings How to fix this issue ,Unknown,1,Neutral
918,2019-11-20 17:12:05,first video out now go and watch a quick charging test of the RealmeX2Pro Vs iPhone11 Pro Max vs Huawei P30 Pro by MadhavSheth1 in RealmeX2proLaunchEvent Click here to watch full video ,Germany,1,Positive
516,2019-11-21 06:12:04, Apple SmartBatteryCases for iPhone11 series launched ,Unknown,1,Neutral
591,2019-11-21 03:42:21,So impressed with the low light camera feature in my Apple iPhone11 I shot these two pics on my way to dinner tonight in MenomoneeFalls Wisconsin These are unedited except for a crop No tripod Just stand shoot and wow ,Unknown,1,Positive
209,2019-11-21 17:25:19,clown taekook jikook au smut fluff nsfw 18 iphone11 rt like deal promo gc gain mutuals kpop bts twice fancam mommy daddy follow spam ariana grande shawn mendes one direction 1D shane jeffree stan fortnite joker sco paa to manaa bomboclaat ,United States,1,Neutral
595,2019-11-21 03:31:03,Hear TechBurstAsia s Gin amp Tonic podcast w Asia s device guru BryanBMa to find out his take on the latest smarthphones Apple iPhone11 Google Pixel4 Samsung GalaxyS10 Huawei mate30 and a bit about wearables as well CRASingapore ,Unknown,1,Positive
127,2019-11-21 19:54:00,I currently have an iPhone I ve had one since the 4 I m tempted by the google phone does anyone know if this is a good idea or an absolute howler iPhone11 GooglePixel4,Unknown,1,Neutral
837,2019-11-20 19:22:02,iPhone 11 vs Pixel 4 Here s how Apple and Google s newest phones compare ,Unknown,1,Neutral
254,2019-11-21 16:04:07, MotorolaUS your razr phone is cool for nostalgic feels but the price is not Only a handful of people will buy it Everyone else would probably get the iPhone11 Donkey of the day goes to Motorola ,Canada,1,Neutral
221,2019-11-21 17:04:56,LMFAOOOO ED WAS WATCHING PORN IN THE SHOWER AND DROPPED HIS NEW IPHONE11 IN THE WATER AND NOW IT WONT TURN ON ,Canada,1,Neutral
861,2019-11-20 19:02:18, Apple has launched three new Smart Battery Cases for the iPhone11 iPhone11Pro and iPhone11ProMax offering up to 50 percent more battery life to your preferred device iPhone ,Singapore,1,Neutral
220,2019-11-21 17:06:51, LMFAOOOO ED WAS WATCHING PORN IN THE SHOWER AND DROPPED HIS NEW IPHONE11 IN THE WATER AND NOW IT WONT TURN ON ,Unknown,1,Neutral
880,2019-11-20 18:34:48,stcpay application excellent payment ease As well as when all purchases 4 times you get a financial reward I used the app to buy from the following stores SASCO KSA DanubeCo STCPay STCPay IPhone11 STCPay,United States,1,Positive
890,2019-11-20 18:28:37,Breaking News Apple released new Smart Battery Cases for the iPhone 11 series It features a button that takes pictures and videos whether your phone is locked or not A quick press of the button takes a photo and a longer press captures QuickTake video Apple iPhone11 Case ,Australia,1,Neutral
893,2019-11-20 18:14:28,Bought an iPhone 11 and didn t upload it s pic on my status ab pareshan hun k thek chaley ga ya nai sarcasm iPhone11ProMax iPhone11,Australia,1,Neutral
587,2019-11-21 03:58:06,Imagine how lit taking a selfie with AndrewYang would be with the iphone11 I d buy with my universal income YangGang DemocraticDebate ,Australia,1,Neutral
105,2019-11-21 21:13:02, hsieh zachary Yes I love ur custom stuff that u make there really cool like the iPhone11 and the AirPods and now the custom shoes,Netherlands,0,Positive
64,2019-11-21 22:30:59,Again my STCPay favorite merchant is DallatAlfaris IPhone11 STCPay,United States,0,Positive
104,2019-11-21 21:13:44, theoffgarrett Those are so dope I wish I could win the custom iPhone11 or the AirPods custom,Unknown,0,Positive
103,2019-11-21 21:16:02, ItsSpancs iphone11 ad,United States,0,Neutral
98,2019-11-21 21:26:34, Patricia Rose33 like how do you even know what an iPhone11 is lmao,Unknown,0,Positive
96,2019-11-21 21:29:49, iPhone 8plus available at giveaway price iPhone11 plus iphonex s apple iphonex8plus iphonexsmax iphonexr pro spl ,Unknown,0,Positive
65,2019-11-21 22:30:51,Doing IPhone 11 Orders for just 120 only today iphone11 iphoneplug plug methods iphoneforlow pay with cashapp applepay zelle googlepay venmo ,Germany,0,Neutral
17,2019-11-22 00:30:50, TheDebugStore If it is I want to tell you I am disappointed by the first offer of the iphone11 I feel like they cheated me with the offer Iphone 11 at 50 discount and they give you 350 for your iphone 7 in tradein ,Canada,0,Neutral
61,2019-11-21 22:41:27,Good offer IPhone11 STCPay ,Unknown,0,Positive
60,2019-11-21 22:44:42,I ve had a handful of iphones in my day Most have performed decently The iPhone11 has been garbage Absolute trash The processor is slow and the camera takes decades to take a picture Why Apple Can t you take this trash back ,Canada,0,Neutral
24,2019-11-22 00:20:00,There s Now an Official iPhone11 Smart Battery Case with a Dedicated Camera Button and Wireless Charging ,Canada,0,Neutral
22,2019-11-22 00:24:07,bitches be saying fuck capitalism but then buy the iphone11 just bcs it s yellow,Australia,0,Neutral
21,2019-11-22 00:25:19, bitches be saying fuck capitalism but then buy the iphone11 just bcs it s yellow,France,0,Neutral
16,2019-11-22 00:36:55,Portraits of Phoebe will never get old dogsoftwitter iPhone11 ,Germany,0,Neutral
109,2019-11-21 20:46:02,Best LeatherCases for iPhone11 in 2019 The Covers Crafted with Genuine Leather Cases iPhoneLeatherCases ,Germany,0,Positive
107,2019-11-21 21:06:09,Soph finally has a nice phone for herself The iPhone11 amp the camera is stupid Ffs ,Australia,0,Neutral
82,2019-11-21 21:56:22, It depends how you look so you see it Michigan Strictly Harbaugh SerieAxESPN ,Unknown,0,Neutral
111,2019-11-21 20:43:35,So this Black Friday thingy what am I chances of getting an iPhone11 for say like 5k ,Canada,0,Neutral
77,2019-11-21 22:04:54, STCPay Fantastic Amazing IPhone11 STCPay,France,0,Positive
89,2019-11-21 21:43:25,Got the iphone11 ,France,0,Neutral
86,2019-11-21 21:46:18, Hk3ToN can you please look into or maybe do a cool wallpaper for the iPhone11 purple Just got the purple one a couple weeks ago I been looking for a wallpaper for the pastel purple iPhone If not it s cool thanks for your work ,Canada,0,Neutral
10,2019-11-22 01:21:04,It is So prode of AppleNews AppleMusic AppleTV AppleTVPlus AppStore tim cook JayGTate fototodd iPhone11 iphone11pro AppleWatch Wallpapers 360moirea 360view 360 ApplePark AppleEvent ,France,0,Neutral
81,2019-11-21 21:56:45,After going through a rigorous tour round different men cucumber to get an iphone11 your here telling me your a prophecy ,Canada,0,Neutral
91,2019-11-21 21:38:47,New video Look Mom NO GIMBAL iPhone11 Ultra Wide in Austin smartphone filmmaking Watch ,Canada,0,Neutral
78,2019-11-21 22:00:20, TODAY WILL BE A GOOD DAY iPhone11 NewDefender KillThisLove UNHRC ABSCBNBallFanF ,Unknown,0,Positive
70,2019-11-21 22:19:43, hsieh zachary Hope I win lol thanks for the opportunity to win a IPHONE11 ,United States,0,Positive
115,2019-11-21 20:34:15,SCONTI Amazon iTech d AUTUNNO 21 novembre 2019 ,Unknown,0,Neutral
69,2019-11-21 22:20:45, hsieh zachary I honestly don t need an iPhone11 Mine works okay but if I somehow won one it would make my year and I d be thankful for as long as possible And for Thanksgiving I m thankful for awesome content creators giveaways or not you make so many people happy ,Unknown,0,Positive
66,2019-11-21 22:30:29,NEW VIDEO ALERT Just dropped Our Top 5 Features of the newest iPhones RT s always appreciated mi familia Big up to my main man TotalTechvids for the collab iPhone11ProMax iPhone11,India,0,Neutral
94,2019-11-21 21:35:21, Reindeer run starting NOW D3finishstrong iPhone11 pro ,United States,0,Neutral
123,2019-11-21 20:15:46, BeARachel Whoa Check out my casetify gallery ,Canada,0,Neutral
122,2019-11-21 20:16:10,Thanks iPhone11 for being so fucking stupidly made that no matter which side I put you on you make watching stuff on the treadmill basically impossible,Australia,0,Negative
12,2019-11-22 01:12:12,I just entered to win a iPhone11 Pro Giveaway hosted by PlaysJessie Check it out ,Unknown,0,Positive
40,2019-11-21 23:40:02,Snowflakes Phone Case Only for 15 with FREE SHIPPING iphonecase phonecase iphone phone iphone6 iphone7 iphone8 iphonex iphonexs iphonexsmax iphonexr iphone11 iphone11pro iphone11promax ,Unknown,0,Neutral
9,2019-11-22 01:21:40,I need a iphone11 ,Canada,0,Neutral
234,2019-11-21 16:37:00, Apple is commited to turning phones in professional photography tools Apple iPhone iPhone11 ,Unknown,0,Neutral
260,2019-11-21 15:49:56, Apple Partners with the Non Profit 100cameras Organization by Equipping each Student with an iPhone11 ,Unknown,0,Neutral
256,2019-11-21 15:54:00, RyanKGives iPhone11,Singapore,0,Neutral
249,2019-11-21 16:13:14, snowfulls Iphone11,Canada,0,Neutral
244,2019-11-21 16:27:06,New iphone11 who dis ,Unknown,0,Neutral
239,2019-11-21 16:30:42, michael louis michaellouis Follow and buy beautiful accessories for you and your phone access accessories cases iPh ,Germany,0,Positive
235,2019-11-21 16:34:40,ONE OF JIHOON S FANSITES FINALLY BOUGHT HIM AN IPHONE11 NO MORE ANDROID UJI ,Unknown,0,Neutral
233,2019-11-21 16:37:04,Can anyone help me out My iPhone11 screen keeps lighting up whenever I m listening to music and the song changes It s super frustrating and I can t work out how to stop it AppleSupport,United States,0,Neutral
8,2019-11-22 01:21:57, I need a iphone11 ,Germany,0,Neutral
228,2019-11-21 16:49:14, NewRockstars loving Ricksplained Podcast iOS13 iPhone11 RickandMortyseason4 RickandMorty ,India,0,Positive
215,2019-11-21 17:14:58,Hi dear all friends you now that Dual lens rear camera Ultra Wide and Wide lenses 6 1 Liquid Retina display Night Mode Dolby Atmos More durable glass New colors Click this link gt Full Details this link for iphone11,Canada,0,Neutral
266,2019-11-21 15:41:01,My sunsets will never be the same iphone11 ,United States,0,Neutral
292,2019-11-21 14:30:00,Winter Has Arrived Order The Purple 64GB iPhone11 EE With Unlimited Minutes Texts amp 30GB Of Data Including 1 Swappable Benefit For 64 P M EE Lifetime Guarantee Annual Device amp Account MOT With 10 Off Screen Protectors amp Cases Love Tech iOS13 ,Germany,0,Positive
291,2019-11-21 14:30:52, 6 6 7 7 8 8 x xs iphone11 iphone11pro iphone11promax A37 A71 A83 A3s A5s A7 F5 F7 F9 R9s A39 A57 F1s A52020 A92020 F11 F11pro R9s R9splus A10 A10s A20s A20 A30 J2prime J4plus J6plus J7 J7prime S9plus S10plus Note8 ,Canada,0,Neutral
290,2019-11-21 14:31:43, hsieh zachary zhc i really wanna win iphone11 ,Canada,0,Positive
131,2019-11-21 19:48:57, cauetofficiel Kevin Cauetoffremoil iphone11,Unknown,0,Neutral
126,2019-11-21 19:55:13, VIDEO Can You Successfully Shoot a Film on the New iPhone 11 Pro I compared some test shots to a digital cinema camera to determine the latest must have gadget s strengths and weaknesses Here s what I found Details gt ,Unknown,0,Positive
35,2019-11-21 23:51:08, SUBWAY everyday IPhone11 STCPay,Unknown,0,Neutral
36,2019-11-21 23:50:02,Dili nalang gyud ko magpa apekto Com on id rather go shopping and treat myself with what makes me happy Buy iphone11 maybe ,Canada,0,Positive
297,2019-11-21 14:18:42, hsieh zachary theoffgarrett I really hope i win a iphone11 ive been paitionley wsoting for your response,Unknown,0,Positive
41,2019-11-21 23:37:22, iphone11 Air Force TikTok black cat dog,Unknown,0,Neutral
43,2019-11-21 23:33:16,this iphone11 to big for me ,Unknown,0,Neutral
48,2019-11-21 23:15:28, taekook jikook au smut fluff nsfw 18 iphone11 rt like deal promo gc gain mutuals kpop bts twice mommy daddy follow spam a ,United States,0,Neutral
52,2019-11-21 23:07:58, PhotographyWx Your a details man sean thats for sure iphone11 camera is a big upgrade for picture quality,Unknown,0,Neutral
54,2019-11-21 22:58:27,Lesgoowwwwww for iphone11 ,United States,0,Neutral
55,2019-11-21 22:56:59, bozu 108 iPhone11,Unknown,0,Neutral
56,2019-11-21 22:52:34,But I used the first kidney to buy iPhone11 for you na ,Canada,0,Neutral
32,2019-11-22 00:00:59, Is it really worth buying a new Iphone EVERY Time a new one comes out What if there s nothing wrong with your curren ,Canada,0,Neutral
25,2019-11-22 00:17:46, iPhone11 is here in 6 new colors and spatial audio ,Canada,0,Neutral
3,2019-11-22 01:47:51,Found this for 5 on amazon and decided to try a starwars themed look It s a bit rough but I call it Sunset on Tatooine amateur makeup makeupideas starwars tattooine iphone11 selfie Los Angeles ,France,0,Neutral
4,2019-11-22 01:46:53,iPhone Battery Health 5 Vital Tips To Maintain 100 Mark Keep your iPhone battery fully optimized with these tips iPhone iPhone11 iPhone11pro iPhone11promax iPhone2019 Apple ,Unknown,0,Neutral
6,2019-11-22 01:32:20,My fanboy moment looking forward to using this beauty Apple iPhone11 iPhone fan ,Netherlands,0,Neutral
90,2019-11-21 21:40:45,Bout to get this iPhone11 cuz my iPhone7 mysteriously no longer can charge and I m a slave to Apple,Unknown,0,Neutral
461,2019-11-21 08:25:20,My friend have a new phone iphone11 vivienisrich richbich,Unknown,0,Neutral
632,2019-11-21 02:07:16, GSM iPhone11 RedmiNote GalaxyM30s Nokia7 Xperia5 Mate30 GalaxyNote Android s camera app exploit can be used to spy on users Hijacking Google Pixel Camera Application ,United States,0,Neutral
452,2019-11-21 08:38:34,Check out Sports Protective Phone Wrist Arm Bag Outdoor Run Waterproof Nylon Hand Bag phonepesupport items4sale iPhone11 eBay sports Patriot USA PuertoRico news CNN play Samsung Applle accessories CALIFORNIA Florida,Unknown,0,Neutral
377,2019-11-21 12:21:45, Maa spoon iPhone11,Unknown,0,Neutral
372,2019-11-21 12:27:28, Apple released Smart Battery Cases for iPhone11 iPhone11Pro amp iPhone11ProMax with Dedicated Camera button locked unlocked Quick press takes a photo amp longer press captures QuickTake video Works for selfies too 129 Apple iPhone Cases Technology TechnologyNews ,United States,0,Neutral
363,2019-11-21 12:39:49, Red is NOT Bad iPhone11 ,Unknown,0,Neutral
354,2019-11-21 12:52:25, Wallpapers Apple Background wallpaper walls free lockscreen homescreen Public N 0023 iPhone11 iPhone11Pro iPhone11ProMax iPhoneX iPhoneXSMAX iPhoneXSMax iPhoneXR Other iPhones gt gt Like Follow Retweet lt lt Prod By Hk3ToN ,United States,0,Neutral
344,2019-11-21 13:04:37,Our new article Don t buy the iPhone11 series before reading this 6 Reasons to wait for the 2020Iphones Don t do this big mistake iPhone12 iPhone12ProMax Article apple stufflistings ,Unknown,0,Neutral
338,2019-11-21 13:16:09,I just want the fucking Iphone11 ,France,0,Negative
455,2019-11-21 08:32:54,The new Apple Smart Battery Case for iPhone11 iPhone11Pro and iPhone11ProMax now comes with wireless charging and a camera button ,Unknown,0,Neutral
381,2019-11-21 12:16:44, Misty Toast jacknicas tim cook Apple Don t do that to yourself It s not worth it And iphone11 is great ,Germany,0,Positive
588,2019-11-21 03:54:41, iphone11 ,Canada,0,Neutral
584,2019-11-21 03:59:51, Apple s new iPhone11 battery case includes a dedicated camera button ,Unknown,0,Neutral
583,2019-11-21 04:03:50,Taking selfies just got easier with Apple s new iPhone11 Smart Battery Case ,India,0,Neutral
556,2019-11-21 04:40:46, Long exposure on the Sony A7III vs Night Mode on iPhone11 Both edited in Lightroom ,United States,0,Neutral
541,2019-11-21 04:57:19,Checking iphone the camera By airbklyn iphone11 motihelp personaltrainer proresults trainer southmiami sled thanksGod dominicaninmiami lifestyle motivation motivationalquotes miami LA ,Unknown,0,Neutral
540,2019-11-21 04:59:43, vividseoks mrjustinseagull lmao they already do ,United States,0,Positive
378,2019-11-21 12:19:07, Apple has launched its smart battery cases for its latest iPhone11 iPhone11Pro and iPhone11ProMax models that were launched this year DCTech ,United States,0,Positive
382,2019-11-21 12:13:39, apple otaku0 Iphone11,Australia,0,Neutral
498,2019-11-21 06:58:30,WhatsApp video security bug leaves devices open to attack and hackers secretly steal chat messages and pictures from your phone WhatsApp WhatsAppBug Technews IndiaTechAdvice Tech iOS iPhone11 iPhone11Pro android android10 AUSvPAK,United States,0,Neutral
313,2019-11-21 13:56:39,Gas stations and riyadh season IPhone11 STCPay,Germany,0,Neutral
332,2019-11-21 13:25:20, iphone11 ain t 5G ,Netherlands,0,Neutral
320,2019-11-21 13:50:15,Soshi using iPhone11 pro max ,Canada,0,Neutral
319,2019-11-21 13:50:29, Urgent Upgrade I have an iphone 5 amp I m scared it will explode RT APPLE giveaway contest sweeps win AI appleNews I ,India,0,Positive
317,2019-11-21 13:54:38,Apple Launches iPhone11 iPhone11Pro and iPhone11ProMax Smart Battery Case with Dedicated Camera Button ,United States,0,Neutral
316,2019-11-21 13:55:34,Reindeer run starting NOW D3finishstrong iPhone11 pro ,United States,0,Neutral
315,2019-11-21 13:55:41, cheapskateblog sort of free iPhone11 ,Unknown,0,Positive
309,2019-11-21 13:59:25, evt rr iPhone11,United States,0,Neutral
386,2019-11-21 12:04:01,Please don t get a new iPhone11 Plenty of places will refresh the battery of your old one for a fraction of the price and it might preserve the rare earth minerals Apple wastefully consumes ,Unknown,0,Neutral
304,2019-11-21 14:02:37, DONT FALL FOR THIS iPhone11 iPhone11ProMax mintypickaxe mintypickaxecodes MintyPickaxeGiveaway Mintyaxecode mintycode minty MintyCodesFREE mintygiveaway Fortnite FortniteMintyPickaxe ,India,0,Neutral
303,2019-11-21 14:04:24,Apple Is Still Trying to Sue the Owner of an Independent iPhone Repair Shop Apple RightToRepair Cupertino TimCook iPhone iPhone11 iPhone11Pro iPhone11ProMax iPhoneSE2 iPhoneXS iPhonwXSMax ,United States,0,Neutral
302,2019-11-21 14:04:42, DONT FALL FOR THIS iPhone11 iPhone11ProMax mintypickaxe mintypickaxecodes MintyPickaxeGiveaway Mintyaxecode ,India,0,Neutral
451,2019-11-21 08:38:53, Wallpapers Apple Background wallpaper walls lockscreen homescreen painter Private Disk N 0040 iPhone11 iPhone11Pro iPhone11ProMax iPhoneX iPhoneXSMAX iPhoneXSMax iPhoneXR Other iPhones gt gt Like Follow Retweet lt lt Prod By Hk3ToN ,Unknown,0,Neutral
337,2019-11-21 13:16:26,Fluffy Heart Phone Case available for iPhone amp Xiaomi With Free Shipping iphonecase phonecase iphone phone iphone6 iphone7 iphone8 iphonex iphonexs iphonexsmax iphonexr iphone11 iphone11pro iphone11promax xiaomi xiaomiphonecase xiaomimi8 xiaomiredmi ,Unknown,0,Neutral
343,2019-11-21 13:05:00, As forecasted no shortage of any of the iphone11 models Even the most marketed model amp colour will still be available at ret ,United States,0,Positive
592,2019-11-21 03:42:12, iPhone 11 Pro Max Test Night Shooting in the Rain 4K ,United States,0,Neutral
629,2019-11-21 02:11:08,Marble Ring Holder Only for 9 with FREE SHIPPING iphonecase phonecase iphone phone iphone6 iphone7 iphone8 iphonex iphonexs iphonexsmax iphonexr iphone11 iphone11pro iphone11promax ,Unknown,0,Neutral
628,2019-11-21 02:11:41, GSM iPhone11 RedmiNote GalaxyM30s Nokia7 Xperia5 Mate30 GalaxyNote Honor V30 teasers focus on 5G connectivity as the phone visits Geekbench ,United States,0,Neutral
488,2019-11-21 07:32:49,My iPhone 11 advert design AppleMusic AppleTV iPhone11ProMax iPhone11 iPhone11Pro iPhone11ProMax iPhone11plus selfie telephoto wide ultrawide tele Nightmode Apple AppleTV AppleStore creativity Viral Popular Famous cool makethisgoviral ThinkDifferent ,Unknown,0,Positive
463,2019-11-21 08:22:48, KasperGames hsieh zachary Get Recked1231 You re so Lucky cuz since hsieh zachary started his first Iphone11 Giveaway Im started following all the rules doing everything to win but nothing happened you re so lucky But i always hope that hsieh zachary can choose me too ,Australia,0,Positive
462,2019-11-21 08:25:05,Check out Diamond Rabbit For Phone Case Plush Fuzzy Fluffy Soft Cover Foriphone XSMAX eBay iPhone11 blackfreday ebaypuertorico items4sale,Unknown,0,Neutral
287,2019-11-21 14:45:03,worldissmall iPhone 11 amp 11 Pro Apple sort une Smart Battery Case avec un bouton photo Accessoires iPhone11 iPhone11Pro ,Australia,0,Neutral
459,2019-11-21 08:26:10,it s my sisters birthday so she s the iphone11 the lavender one and now im gonna b the one w the poorest phone w my 7plus ,United States,0,Neutral
457,2019-11-21 08:27:19,ROOT CO Shock Resist Case Hold for iPhone11 ,United States,0,Neutral
530,2019-11-21 05:15:35, Taking selfies just got easier with Apple s new iPhone11 Smart Battery Case ,Singapore,0,Neutral
525,2019-11-21 05:29:13, fugu bike iPhone11 ,Australia,0,Neutral
627,2019-11-21 02:14:54, teesabrat jacknicas chrislhayes Iphone11 is 2k here in Canada a real bargain,United States,0,Neutral
521,2019-11-21 05:58:34, We made another set of wallpapers Grab em from our Telegram channel or use this link ,Germany,0,Neutral
518,2019-11-21 06:00:14,Cheapest Online Shop ikebukuro 070 3843 7772 Special Offer Brand New iPhone11 64GB 90000 iPhone11 128GB 9500 iPhone 11Pro 64GB 120000 iPhone11Pro 256GB 130000 iPhone11ProMax 256GB 140000 iPhone11ProMax 512GB 150000 iPhone8 64GB 51000 ,United States,0,Neutral
510,2019-11-21 06:33:16,Apple Does Not Make A Profit From The Repair Service For Users Apple AppleNews AppleWatch iPhone iPhone11 iPhone11Pro iPhoneXsMax NewsPicks news Techjobs technews UPDATE tech TechnologyNews Smart SmartNews gadgets Trending Trend trends,Netherlands,0,Neutral
509,2019-11-21 06:34:13, Apple Does Not Make A Profit From The Repair Service For Users Apple AppleNews AppleWatch iP ,Unknown,0,Neutral
507,2019-11-21 06:36:58,Now I have a reason to uninstall my unuse app for this game hsieh zachary I better win 1 from 50 IPhone11 giveaway to continue play this game as my current phone space is done ,Germany,0,Neutral
501,2019-11-21 06:52:30, y a m onoderanoyome raiaN1225 iPhone11 ,Germany,0,Neutral
467,2019-11-21 08:18:28, Apple Smart Battery Cases Launched for the iPhone11 Lineup ,Germany,0,Neutral
468,2019-11-21 08:18:08, Check out UNIVERSAL USB TYPE C NYLON DATA CHARGING CABLE DoesNotApply USB eBayus e ,Unknown,0,Neutral
469,2019-11-21 08:17:42, kaynechy A job yes Iphone11 involves God and sugar daddy ,Australia,0,Neutral
472,2019-11-21 08:11:22,Apple quietly releases smart battery cases for iPhone11 and iPhone11Pro ,Canada,0,Neutral
473,2019-11-21 08:09:53, You won t believe this Fashion Case For iPhone 11 pro iphone 11 iphone11 pro max selling at 6 87 by Now Sellers Selling out fast so be quick ,Singapore,0,Neutral
476,2019-11-21 08:05:16,NEW MIRROR iPhone11 available BR mirroriphonecase yslbeauty secondabase playwithtechnology superfluous www vegan iphone11 iphone11pro regram fashion love style apple ,Netherlands,0,Positive
531,2019-11-21 05:10:41, The latest iPhone India Price List iPhone11 64GB Rs 64 900 128GB Rs 69 900 256GB Rs 79 900 iPhone11Pro 64GB ,France,0,Positive
298,2019-11-21 14:15:22, AppleImitation therealmldukz MaxWinebach I m afraid it s going to crush the iphone11 Im you will be able still hold your head up on the merits of strong SoC but danm iOS 13 is just a mess Sorry about your luck ,United States,0,Neutral
597,2019-11-21 03:29:21,It s winter time It s nice to have a coffee while feeling cold Try Different Cafe They offer a lot of varieties of coffee And also You can pay your coffee through STCPay IPhone11 STCPay ,India,0,Neutral
600,2019-11-21 03:15:47,Download this game to have a chance to win a IPHONE11 hsieh zachary hsieh zachary ,United States,0,Neutral
601,2019-11-21 03:09:34, STCPay Congratulations to the winner of iPhone 11 IPhone11 STCPay,United States,0,Neutral
603,2019-11-21 03:03:30,The shade of green used in the iPhone11 ,United States,0,Neutral
606,2019-11-21 02:45:43, Apple s new iPhone11 battery case includes a dedicated camera button thenextweb ,India,0,Neutral
612,2019-11-21 02:37:56,Let us show you how to use Physibo apple iphone11 iphonex ,Singapore,0,Neutral
613,2019-11-21 02:36:14, Take a look at features of dominating phone of 2019 The iPhone 11 Pro Max and iPhone 11 Pro ,Germany,0,Neutral
620,2019-11-21 02:25:47, GSM iPhone11 RedmiNote GalaxyM30s Nokia7 Xperia5 Mate30 GalaxyNote Samsung Galaxy Note9 gets One UI 2 beta based on Android 10 ,Canada,0,Neutral
288,2019-11-21 14:44:01,Clean Uk Us Used IPHONE 6S 16GB 67000 IPHONE 6S 32GB 72000 IPHONE 6S 64GB 78000 dallas dallasonline dallasstore phones ikeja computervillage iphone11 tech applestore iphone iphonex apple gadgets samsung note10plus notes10 smartphones ios technology ,Canada,0,Positive
146,2019-11-21 19:17:48,Check out one of our latest products a Superfly Air Slim iPhone11 Pro Max Clear get yours here shop onlineshopping shoponline,Australia,0,Neutral
285,2019-11-21 14:48:31, hsieh zachary I download the Lords Mobile and played until Level 10 and couting I need to win iPhone11 to play this game until Level 100 love u zach ,United States,0,Neutral
932,2019-11-20 16:42:39,so im probably gonna upgrade to the iphone11 for my bday does anyone here have it do you like it o,India,0,Neutral
993,2019-11-20 15:14:17,Went for a walk in the woods in autumn and came across a swing Love living in the North iphone11 shotoniphone iPhone shotoniphone11 derwentwalk shotleybridge ,Canada,0,Positive
994,2019-11-20 15:12:43, jacobraymundo TR3YDANIELS erikarmundo Hope to win ever since I never had an iphone11 ,Netherlands,0,Positive
995,2019-11-20 15:12:32, PlayStation follow us to win iphone11 pro,France,0,Positive
996,2019-11-20 15:10:10,Apple Has Lost Its Monopoly 4 applepay On The iPhone11 amp No One Noticed ,France,0,Neutral
997,2019-11-20 15:09:07, We re giving away a iPhone 11 Pro Max 64 GB How to enter Like amp Retweet Follow Me RadamsJessica Turn on my ,Canada,0,Neutral
845,2019-11-20 19:12:57,new phone iPhone11,United States,0,Neutral
988,2019-11-20 15:20:31, darwinshacho iPhone11,Unknown,0,Neutral
849,2019-11-20 19:09:11, dhof rsa That s it I m getting an iPhone You know what I ma get that iPhone 11 pro max And you better by then released byte Apple iPhone11 iphone12 iPhone11ProMax animoji androidtoiphone,Singapore,0,Positive
855,2019-11-20 19:03:18, iOS 13 3 beta 3 is out Could we see a new iOS version to support the new cases iPhone11 iPhone11Pro iPhone11ProMax ,Germany,0,Neutral
882,2019-11-20 18:33:36, Apple releases new Smart Battery Cases for iPhone11 iPhone11Pro amp iPhone11ProMax ,Canada,0,Neutral
884,2019-11-20 18:33:03, OnePlus 7T vs iPhone 11 Comparison Which Is Better ,Unknown,0,Positive
897,2019-11-20 18:00:23,Are you struggling in learning those magical moves Download Loopideo today as Loopideo lets you loop videos infinitely apple app business Entrepreneur iPhone11 iPhone Download iOS hollywood love music fun dance LadyGaga choreography DanceParty bollywood jose ,Singapore,0,Positive
989,2019-11-20 15:20:14,My Char iPhone11 dogsoftwitter ,United States,0,Neutral
986,2019-11-20 15:23:56,New Wallpaper Midnight Yarok Free Link Wallpapers wallphone artwork art Abstract abstractart abstractpainting digitalart digitalpainting digitalartwork Luxury iphone IloveApple iPhone11ProMax iPhone11 iphone11pr ,Canada,0,Neutral
753,2019-11-20 22:17:46,Here I am once again to tell you that il Huawei mate 20 scatta le stesse foto di un iphone and honestly rimane lo stesso underrated I m disappointed iPhone11 Apple ,Canada,0,Neutral
950,2019-11-20 16:20:35, STCPay Best application to store and send money IPhone11 STCPay,France,0,Positive
761,2019-11-20 21:39:27,Got offered a good deal on an iPhone11 today but it s practically no faster than my 8Plus in every test I ve seen NoDeal,India,0,Positive
762,2019-11-20 21:37:21,Iphone privacy NSA CyberSecurity iphone11 ,United States,0,Neutral
843,2019-11-20 19:15:19, STCPay sawa recharge and Easy STC bills payment STCPay IPhone11 STCPay,Canada,0,Positive
939,2019-11-20 16:33:04, TheKairi78 ParisAMDParis Nightmode Iphone11 ,India,0,Neutral
948,2019-11-20 16:23:09, STCPay is very convenient not only in transferring money but also in storing money Anywhere your money is available IPhone11 STCPay,Singapore,0,Neutral
949,2019-11-20 16:22:52,Place a drop of water on your iPhone 11 cameras and put it in wide angle mode and this is what happens iphone11 ,Unknown,0,Neutral
955,2019-11-20 16:11:10, xWalem HI I want iPhone11,Netherlands,0,Neutral
985,2019-11-20 15:24:25,BLACK FRIDAY Celular Apple IPhone Xs 512Gb Space Gray whatsapp 31 99557 1839 apple iphone iphonexs iphone11 iphone11pro iphone11promax appleiphone celular telefone lancamento ,United States,0,Neutral
974,2019-11-20 15:42:47, Enter in this iPhone 11 Giveaway and Win an iPhone 11 Pro for Free This is a Limited time Giveaway ,India,0,Positive
975,2019-11-20 15:42:20, As expected there s going to be a dark green iPhone Midnight Green Your thoughts iPhone11 AppleEvent ESRGear ,Canada,0,Neutral
978,2019-11-20 15:31:53, GSM iPhone11 RedmiNote GalaxyM30s Nokia7 Xperia5 Mate30 GalaxyNote Huawei will charge you 1 000 to replace the Mate X screen ,Unknown,0,Neutral
982,2019-11-20 15:29:32, GSM iPhone11 RedmiNote GalaxyM30s Nokia7 2 Xperia5 Mate30 GalaxyNote Redmi Note 8 Pro arrives in new 256 GB variant ,Canada,0,Neutral
983,2019-11-20 15:26:24, GSM iPhone11 RedmiNote GalaxyM30s Nokia7 2 Xperia5 Mate30 GalaxyNote Samsung Galaxy Note9 gets One UI 2 beta based on Android 10 ,United States,0,Neutral
984,2019-11-20 15:25:20,New Wallpaper Holmby Hills Wallpapers wallphone artwork art Abstract abstractart abstractpainting digitalart digitalpainting digitalartwork Luxury iphone IloveApple iPhone11ProMax iPhone11 iphone11pro ,Canada,0,Neutral
899,2019-11-20 17:54:39, ChristianSelig MousCase silentshotghost This one is flush on the sides,Australia,0,Neutral
905,2019-11-20 17:41:12, hzriehrzi Dude Apple put iPhone11 on black friday and I ll buy it,Unknown,0,Neutral
909,2019-11-20 17:37:47,My phone just got to my house and I get off at 5 Somebody call my job and pretend to be my momma geeked iphone11 cantwait ,Singapore,0,Neutral
668,2019-11-21 00:38:32,Apple officially released the all iPhone 11 series of silicone smart battery case apple iphone ipad iPhone11Pro iPhone11ProMax iPhone11 iPhoneSE2 MacBookPro ,Unknown,0,Neutral
647,2019-11-21 01:30:14, Stay tuned more amazing deals coming your way this Friday from easybuy gh BlackFriday iPhone11 iPhone11ProMax Gal ,United States,0,Positive
645,2019-11-21 01:36:00,Today is the worst day of my life my friend said look and she showed me the iphone11 3cameras and she told me as well that she got it earlier than she thought And I m over here trynna convince my mom and she s like stop trying it s not gonna work I m not gonna buy it ,Unknown,0,Negative
638,2019-11-21 02:00:09, GSM iPhone11 RedmiNote GalaxyM30s Nokia7 Xperia5 Mate30 GalaxyNote Samsung Galaxy S11 may have 120 Hz display ,Canada,0,Neutral
639,2019-11-21 01:56:57,I m so sick of big annoying bulky unnecessarily long iPhones Irritating as on my shoe iphone11 blows donkey teats 1stWorldProblems ,Unknown,0,Negative
666,2019-11-21 00:45:12, iDeviceCare TearTopGH Brand New Sealed Factory Unlocked iPhone11 64GB gt gt Ghc 5 200 Call WhatsApp iMessage 0558690 ,Germany,0,Neutral
640,2019-11-21 01:54:01,Feeling monochromatic We got you covered Color coordinate your favorite Epic Watch Bands with our new AirPods cases in 6 of our most popular colors Accessorizing never looked so good apple applewatch applewatchbands iwatch iphone iphonex iphone11 ,India,0,Positive
691,2019-11-20 23:42:28,Fix This App Could Not Be Installed iPhone ,Canada,0,Neutral
915,2019-11-20 17:25:09, SOLD at my society6 shop Another iphone11 case in my red poppy pattern Thank you for purchasing ,Unknown,0,Neutral
659,2019-11-21 00:56:22,Have you seen the Slowfie slowfie selfie apple ios13 iphone11 burlesque poledancer sexy branding ,Germany,0,Positive
643,2019-11-21 01:38:33, Western Insanity and 5G Electromagnetic Radiation ,Unknown,0,Neutral
677,2019-11-21 00:14:50, hsieh zachary Really wish I could get a iphone11,Unknown,0,Neutral
667,2019-11-21 00:42:02,I wanna buy iphone11 but yo I m madafucking brokeeeee,Australia,0,Neutral
644,2019-11-21 01:38:04, Millions of electrohypersensitive humans are forced into a living hell by anti biological wireless society radiation that ,France,0,Negative
641,2019-11-21 01:51:08,Time itself comes in drops shot on Apple iPhone11 chennai chennairain rain ,United States,0,Neutral
680,2019-11-21 00:13:09, wallpapers homescreen lockscreen wallpaper iPhoneXSMAX iPhone11 iPhone11ProMAX iPhone11Pro iPhone walls android pixel ongliong11 Subscribe to my super wallpaper bag You can find it in the 2019 11 folder Sort with modification time ,Singapore,0,Positive
689,2019-11-20 23:45:34, Fuck whosoever think most girls with iPhones slept their way to getting it The iPhone 11 is coming out but remember you must ,Unknown,0,Neutral
670,2019-11-21 00:32:27,give me the iPhone11 and i will tell you about the idea,United States,0,Neutral
684,2019-11-21 00:00:37,What s the hesitation Download Loopideo today and start looping videos N O W Download now apple application business Entrepreneur iPhone11 iPhone Download AppleCard Apple AppleStore iOS software hollywood love music fun friends Jose ,United States,0,Positive
683,2019-11-21 00:09:33,My gf is super excited to have the iphone11 showing me all the new features my Galaxy has had since 2015,India,0,Neutral
660,2019-11-21 00:55:28,My new baby is here And I finally kicked sprint to the curb iphone11 purple yayme fightme ,Germany,0,Neutral
662,2019-11-21 00:50:21,Never seen apple releases so many updates And the news is that iOS1323 is junk and kills battery life iPhone11 ,Canada,0,Positive
652,2019-11-21 01:18:51,Download for Free View on AppStore The all new Grocery Shopping List app for iOS and iPadOS devices iPhone iPad iPadPro iPhoneOnly DarkMode iCloud Smart iPhoneX iPhone11 iPhone11Pro iPhone11ProMax AppStore FreeApps Apps Groceries ,Canada,0,Neutral
651,2019-11-21 01:19:39,my 8 year old cousin wants an iphone11 for christmas i was also informed she has 5 boyfriends ,Unknown,0,Neutral
697,2019-11-20 23:30:15,Did you know that there is a mobile app myStudentAid that can speed up the process of completing you FAFSA Apply now for to receive funding for college SMMC SaveMoney Budget FAFSA money iphone11 college loans funding ,Canada,0,Neutral
648,2019-11-21 01:24:53, What s the hesitation Download Loopideo today and start looping videos N O W Download now appl ,Singapore,0,Neutral
681,2019-11-21 00:12:03, narita93246805 iPhone11,United States,0,Neutral
804,2019-11-20 20:15:25, Apple has released brand new Smart Battery Cases for the iPhone 11 series The case features a button that takes pictur ,United States,0,Neutral
929,2019-11-20 16:50:13, iPhone 11 Pro My Return to Apple iPhone11 applenews iPhone WednesdayThoughts,France,0,Neutral
928,2019-11-20 16:52:40,My favorite responses from 3 5 livelyeagles writing what they are grateful and thankful for Thanksgiving is good for the soul and mind mentalhealth emotionalhealth iisdpe wearelively haha pizzarolls iphone11 smartness summerbreak ,Germany,0,Positive
926,2019-11-20 16:55:54,just because I wanted to check if iphone11 will size my pocket yesterday at shop rite one idiot started shouting thief,Unknown,0,Negative
924,2019-11-20 17:06:06, TheRichWoods I loved my Lumia 930 amp 735 now use iphone11 Used pocketpc Windows ce since 1997 including Fujitsu loox Mio HP,Unknown,0,Positive
755,2019-11-20 22:05:42,Me with Portrait Mode on my iPhone11 at 3am ,India,0,Neutral
751,2019-11-20 22:25:43, if y all see me with a sugar daddy the new iphone11 and designer clothes mind ya business,United States,0,Neutral
284,2019-11-21 14:54:59, hsieh zachary feeling unlucky everytime when you announce the giveaway winner real thou Pick me this time to make me feel better zhc iphone11 giveaway,Australia,0,Positive
199,2019-11-21 17:39:19,The most amazing feature of iPhone 11 night mode has the biggest flaw of lens flare There are multiple videos on YouTube about it and I have experienced it myself Lens flare on the right hand side of the picture just above building AppleSupport Apple tim cook iphone11 ,Singapore,0,Positive
205,2019-11-21 17:28:04,Tech Thursday Did you know Apple released a new Smart Battery Case for the 11 and 11 Pro it comes with a camera button build in the case Its should give you 50 more battery life iPhone11 iPhone11Pro AppleProducts iPhones ,Unknown,0,Neutral
204,2019-11-21 17:32:18,Excited to share the latest addition to my etsy shop Its organic phone iPhone11 Hemp iPhone XS Max case ,India,0,Positive
203,2019-11-21 17:35:24,Look at these sick ass pics BLitrasx9 just took in universal iphone11 ,Australia,0,Negative
202,2019-11-21 17:38:34, LloydJasperVil1 nice sana all sana all den may iphone11,Unknown,0,Positive
201,2019-11-21 17:38:42, Look at these sick ass pics BLitrasx9 just took in universal iphone11 ,Australia,0,Negative
200,2019-11-21 17:39:17, iPhone11 pixelart edgetouch ,Netherlands,0,Neutral
197,2019-11-21 17:45:19,Should you get the iPhone 11 Pro for your real estate videos Sure it can be a tax write off but Click here for full video youtubeforrealtors iphone11 iphone11pro iphone11promax realestatevideo videomarketing ,Singapore,0,Positive
176,2019-11-21 18:33:11, moodyspeaks ATT Yes Dave I never had a dropped called before but as soon as pauljudge and I got the iPhone11 it s nonstop,Unknown,0,Neutral
195,2019-11-21 17:54:23,New Verizon Pre Black Friday 2019 deal Buy one Apple iPhone 11 model or iPhone XS model get a second one for free apple iphone iphone11 verizon Check out the deal at Verizon here ,Canada,0,Neutral
194,2019-11-21 17:57:19, Thabis o TelkomZA Since when has iPhone11 Pro become a 3 burner stove JuliusMalema that s somebody s innovation ,Unknown,0,Neutral
193,2019-11-21 18:00:26,Hey visit my shop with the most originals gifts for Christmas ,Australia,0,Positive
191,2019-11-21 18:03:51,Apple iOS14 Features Changes Testing After iOS13 Multiple Bugs Bloomberg ,Canada,0,Neutral
188,2019-11-21 18:12:42, hsieh zachary Hopefully I win the custom iPhone11,United States,0,Positive
187,2019-11-21 18:14:15, hsieh zachary Love ur new video hopefully I get to win the custom iPhone11,Australia,0,Positive
182,2019-11-21 18:25:35,3 svt albums svt third anniversary shirts karaoke microphone and an iphone11 ,Germany,0,Neutral
133,2019-11-21 19:41:13,When she calls you ANDREW after you ve just bought her the iPhone11 but you are BENEDICTOR ,Germany,0,Neutral
749,2019-11-20 22:28:09,Win New iPhone11 and mounting solution ProClipUSA giveaway Ends Dec 15th US amp Can QB ,Netherlands,0,Positive
268,2019-11-21 15:38:13,New Wallpaper Relaxing Design Link Wallpapers wallphone artwork art Abstract abstractart abstractpainting digitalart digitalpainting digitalartwork Luxury iphone IloveApple iPhone11ProMax iPhone11 iphone11pr ,Netherlands,0,Neutral
283,2019-11-21 14:56:39,IPhone The Missing Manual 13th Edition The Book That Should Have Been In The Box iOSGodsCom iPhone News iPhoneTeam iphonelife iPhoneHackx iPhone11 iOS13 shroffpublishers spdbooks oreillymedia ,Netherlands,0,Neutral
280,2019-11-21 15:03:44,I am so spoiled birthday forty chemicalbros iPhone11 meal apartment ,India,0,Neutral
279,2019-11-21 15:03:47, Mokeji5 Is the same na just that you are using iPhone11 to snap yours,Canada,0,Neutral
277,2019-11-21 15:17:17,New toy time iPhone11 ,France,0,Neutral
276,2019-11-21 15:18:29, The Fastest Way To Download Videos From Instagram Without Using Any App On iOS 13 Only inst ,France,0,Neutral
272,2019-11-21 15:36:32,New Wallpaper Electronics Link Wallpapers wallphone artwork art Abstract abstractart abstractpainting digitalart digitalpainting digitalartwork Luxury iphone IloveApple iPhone11ProMax iPhone11 iphone11pro ,Singapore,0,Neutral
267,2019-11-21 15:38:59, Circle boys nodey play o iPhone11 AppleEvent ,Australia,0,Neutral
137,2019-11-21 19:35:08,Just changed network for the first time in 7 years thank you VOXI UK for an awesome offer iPhone11,Unknown,0,Positive
296,2019-11-21 14:20:21,This is cute but I m iPhone all day iphone11 iphone11pro iphone11proMAX ,Canada,0,Positive
211,2019-11-21 17:19:55, iPhone11 specs in the body of an iPhoneSe MKBHD techradar mashable BuzzFeed,Canada,0,Neutral
169,2019-11-21 18:40:44,HUGE GIVEAWAY iPhone 11 512GB How to win Retweet and like Follow Me GiveawaysFree4 Comment Done Turn on my notifications 3 Winners Ends at 500 followers GOODLUCK TwitterPhilanthropy freeiphone iphone11 iphone apple giveaway ,Unknown,0,Positive
147,2019-11-21 19:16:16, VodafoneUK StartAnArgumentIn4Words iphone11 here s the proof ,Unknown,0,Neutral
145,2019-11-21 19:22:37, HappyBirthday to Ken Griffey Jr 50 years young Mariners Seattle TrueToTheBlue Washington KenGriffeyJr HBD PNW HomeRun GOAT HallOfFame HOF Cooperstown MVP gifts giftideas phonecase iPhone11 iPhone iphonecase christmasgifts phonecases ,Unknown,0,Neutral
143,2019-11-21 19:24:19,Last Chance to customize a beautiful iPhone 11 leather case for Christmas time These make the BEST unique Christmas gifts for friends and family of feel free to spoil yourself with one iPhone11ProMax iPhone11 leathergoods christmasgiftideas ,Unknown,0,Positive
185,2019-11-21 18:21:07, STCPay Love it IPhone11 STCPay ,Singapore,0,Positive
184,2019-11-21 18:22:07, Get iPhoneXR for 230 000 Other iphones and top quality androids available Call or whatsapp 07039602343 Pls retweet my cust ,Canada,0,Neutral
181,2019-11-21 18:25:38,Thanksgiving is in a week and we have so much to be thankful for like our new Melange collection What are you thankful for this season venaproducts thursdaythoughts thanksgiving thankful iPhone11 Shop our website for all the latest phone cases ,Singapore,0,Neutral
716,2019-11-20 23:08:27,Omgggg my sister found the guy that robbed us He thinks he s meeting my sister up to buy her iPhone11 but little does he know them cops about to pull up on his ass that karma always comes back around,Unknown,0,Neutral
836,2019-11-20 19:24:14,My new baby has arrived iPhone11 ,United States,0,Neutral
808,2019-11-20 20:05:27, iPhone11 There is a bug in iPhone 11 face I d Me and my brother both can unlock the phone even we are not twins he is 3 years younger than me and have completely different faces Apple should fix this asap I don t have any privacy issues but others can have tim cook,Australia,0,Neutral
768,2019-11-20 21:22:04,The Wallpaper Original wallpaper artwork from Radim Kacer fashion theme luxuryart artist styling iPhone11ProMax iPhone11 iphone gradient abstract free download ,Unknown,0,Positive
763,2019-11-20 21:33:59, darwinshacho y m p 0409 iPhone11,Canada,0,Neutral
713,2019-11-20 23:10:12, STCPay d7d76618 Congratulations I always pay my bills at DanubeCo Thank you IPhone11 STCPay,Unknown,0,Neutral
714,2019-11-20 23:09:29, STCPay Congratulations I always pay my bills at DanubeCo Thank you IPhone11 STCPay,Netherlands,0,Neutral
718,2019-11-20 23:06:04, raitokoya iphone11,Singapore,0,Neutral
633,2019-11-21 02:06:56,iPhone Battery Case for the iPhone 11 and Pro Max were released today Apple apple case iPhone11 iPhone11ProMax ,Unknown,0,Neutral
724,2019-11-20 22:54:24, iPhone 11 Pro Whitestone Dome NEW Installation Process How To iPhone11 ,Unknown,0,Neutral
727,2019-11-20 22:53:43, Best Tempered Glass for iPhone 11 11 Pro 11 Pro Max WhiteStone Dome iP ,Germany,0,Positive
735,2019-11-20 22:46:57, Many thanks to slaybellabrand for this amazing lashes Photographer davidefo ph Make up by me timelapse vid ,United States,0,Positive
739,2019-11-20 22:36:48,Transfer your money internationally with STC Pay for only SAR 5 transfer fee STCPay Download STCPay now IPhone11 STCPay,Australia,0,Neutral
745,2019-11-20 22:32:58, SkySportsPL Redknapp Which one is more stronger Iphone11 or Nokia 3310 Click the link below and find out ,France,0,Positive
746,2019-11-20 22:31:57, BBCWorld Which one is more stronger Iphone11 or Nokia 3310 Click the link below and find out ,Germany,0,Positive
834,2019-11-20 19:27:39,Smart Battery Cases for iPhone 11 and 11 Pro are now available for 129 For detailed tech updates please visit our Instagram page apple iPhone11ProMax iPhone11 iphone12 SteveJobs smartbatterycase technews SiliconValley TechTrends aapl ,Canada,0,Positive
826,2019-11-20 19:36:42, Got the first hand on the new crystal clear Affinity Will be available next week Stay Tuned iPhone11 iPhone11pro i ,United States,0,Neutral
824,2019-11-20 19:42:02,Best Leather Cases to Protect Your iPhone11 from Accidental Drop ,Unknown,0,Positive
818,2019-11-20 19:47:10, Emerging Dragon psyclaw LesStonehouse You do understand that I was replying to the assumption that post BB are in debt for iphone11 purchases and cocktails All gens face injustices but Arthur Friend s generalisations are insulting unjust and unhelpful,Canada,0,Negative
816,2019-11-20 19:49:44, Leather Case For Iphone11 11 Pro Case Cover Luxury Silicon Bumper Phone Case on For Iphone 11 Pro Max 11 Pro Funda Cover US ,Unknown,0,Neutral
814,2019-11-20 19:54:07,Witchcraft is when you follow ur friend to buy phone at slot and you pick iPhone11 to look at it then it fall from ur hand,Singapore,0,Neutral
811,2019-11-20 19:57:55, Witchcraft is when you follow ur friend to buy phone at slot and you pick iPhone11 to look at it then it fall from ur hand ,United States,0,Neutral
809,2019-11-20 19:59:17, hsieh zachary Hopefully I get to win the custom iPhone11,France,0,Positive
807,2019-11-20 20:10:08,Where s your favorite travel destination rokform iPhone11 HumpDay ,Canada,0,Positive
805,2019-11-20 20:13:29,Sharing to you my experience when I visited the world s one of the oldest temples Tarxien Temples Enjoy Please SUBSCRIBE and LIKE tarxien iphone11 oldtemples wheninmalta ,Germany,0,Positive
634,2019-11-21 02:06:26,his phone is iphone11 ,United States,0,Neutral
801,2019-11-20 20:19:35, The latest skinnovation is here Carbonink This brand new skin finish combines the vibrant full color artwork you know and love with a new textured carbon fiber laminate finish mightyskins vinyl decal carbonfiber carbonfiberskin macbook iphone11 nintendoswitchlite ,Unknown,0,Neutral
800,2019-11-20 20:20:05,Whitestone Dome Glass iphone 11 Pro Max installation Guide Screen Protector ,Netherlands,0,Neutral
797,2019-11-20 20:30:04,Getting pretty out there fall iPhone11 photography northerncalifornia nocal Could use some rain though ethanarussell ,Singapore,0,Neutral
795,2019-11-20 20:32:27,Iphone11 ,Unknown,0,Neutral
792,2019-11-20 20:36:11, 8bit arcade wallpaper Free wallpapers from Radim Kacer fashion theme luxuryart artist sty ,United States,0,Positive
788,2019-11-20 20:50:02,Apple s iPhone11 amp iPhone11Pro Smart Battery Cases are official with a dedicated camera button by JoshuaSwingle ,United States,0,Neutral
387,2019-11-21 12:03:46, New Wallpaper Elephant and Snake Wallpapers wallphone artwork art Abstract abstractart abstractpainting digital ,Unknown,0,Neutral
